product_id,location,current_stock,reorder_level,lead_time_days
P0001,Hyderabad,349,227,2
P0001,Bengaluru,119,109,6
P0001,Mumbai,197,160,5
P0001,Delhi,284,353,1
P0001,Chennai,254,293,6
P0001,Pune,290,377,2
P0001,Kolkata,187,182,5
P0001,Ahmedabad,90,62,5
P0002,Hyderabad,34,47,7
P0002,Bengaluru,426,295,4
P0002,Mumbai,91,97,1
P0002,Delhi,586,755,1
P0002,Chennai,139,81,3
P0002,Pune,63,73,5
P0002,Kolkata,76,65,7
P0002,Ahmedabad,116,147,7
P0003,Hyderabad,108,118,7
P0003,Bengaluru,372,285,4
P0003,Mumbai,181,111,4
P0003,Delhi,293,242,3
P0003,Chennai,103,130,7
P0003,Pune,123,176,1
P0003,Kolkata,179,98,3
P0003,Ahmedabad,80,86,1
P0004,Hyderabad,334,320,3
P0004,Bengaluru,129,123,5
P0004,Mumbai,289,383,1
P0004,Delhi,130,147,6
P0004,Chennai,426,591,7
P0004,Pune,462,262,1
P0004,Kolkata,111,74,3
P0004,Ahmedabad,189,262,7
P0005,Hyderabad,355,282,6
P0005,Bengaluru,206,159,1
P0005,Mumbai,151,137,1
P0005,Delhi,183,212,6
P0005,Chennai,281,314,7
P0005,Pune,136,135,3
P0005,Kolkata,191,263,7
P0005,Ahmedabad,95,105,7
P0006,Hyderabad,50,37,5
P0006,Bengaluru,218,244,1
P0006,Mumbai,78,82,7
P0006,Delhi,384,360,4
P0006,Chennai,112,91,3
P0006,Pune,67,42,4
P0006,Kolkata,333,327,4
P0006,Ahmedabad,123,101,5
P0007,Hyderabad,173,225,2
P0007,Bengaluru,78,110,4
P0007,Mumbai,319,233,4
P0007,Delhi,163,187,2
P0007,Chennai,49,65,7
P0007,Pune,101,65,3
P0007,Kolkata,281,202,4
P0007,Ahmedabad,116,97,7
P0008,Hyderabad,349,409,4
P0008,Bengaluru,214,212,6
P0008,Mumbai,140,187,2
P0008,Delhi,193,118,1
P0008,Chennai,161,135,3
P0008,Pune,221,231,6
P0008,Kolkata,204,141,6
P0008,Ahmedabad,267,297,7
P0009,Hyderabad,233,282,2
P0009,Bengaluru,111,154,3
P0009,Mumbai,315,350,6
P0009,Delhi,105,86,3
P0009,Chennai,181,116,7
P0009,Pune,308,331,3
P0009,Kolkata,124,126,7
P0009,Ahmedabad,98,118,6
P0010,Hyderabad,346,318,4
P0010,Bengaluru,27,29,5
P0010,Mumbai,177,234,6
P0010,Delhi,105,143,3
P0010,Chennai,330,444,3
P0010,Pune,127,81,5
P0010,Kolkata,374,539,2
P0010,Ahmedabad,180,136,4
P0011,Hyderabad,68,45,3
P0011,Bengaluru,112,154,7
P0011,Mumbai,288,203,1
P0011,Delhi,912,961,1
P0011,Chennai,185,227,1
P0011,Pune,241,250,1
P0011,Kolkata,132,99,7
P0011,Ahmedabad,96,97,6
P0012,Hyderabad,144,197,3
P0012,Bengaluru,123,112,7
P0012,Mumbai,111,103,7
P0012,Delhi,78,61,6
P0012,Chennai,161,109,4
P0012,Pune,239,225,4
P0012,Kolkata,185,152,6
P0012,Ahmedabad,269,280,1
P0013,Hyderabad,136,190,2
P0013,Bengaluru,109,134,2
P0013,Mumbai,193,200,7
P0013,Delhi,95,111,6
P0013,Chennai,142,162,7
P0013,Pune,187,219,5
P0013,Kolkata,147,87,3
P0013,Ahmedabad,1084,761,4
P0014,Hyderabad,65,85,1
P0014,Bengaluru,75,58,7
P0014,Mumbai,517,741,5
P0014,Delhi,62,44,6
P0014,Chennai,141,129,6
P0014,Pune,134,132,7
P0014,Kolkata,81,109,2
P0014,Ahmedabad,192,109,2
P0015,Hyderabad,223,298,6
P0015,Bengaluru,479,691,1
P0015,Mumbai,139,147,2
P0015,Delhi,419,553,1
P0015,Chennai,193,270,1
P0015,Pune,217,226,1
P0015,Kolkata,168,166,2
P0015,Ahmedabad,41,46,1
P0016,Hyderabad,157,147,4
P0016,Bengaluru,473,290,2
P0016,Mumbai,87,113,1
P0016,Delhi,35,24,2
P0016,Chennai,129,132,3
P0016,Pune,122,175,6
P0016,Kolkata,159,174,2
P0016,Ahmedabad,270,208,1
P0017,Hyderabad,170,186,4
P0017,Bengaluru,139,100,2
P0017,Mumbai,202,231,7
P0017,Delhi,219,162,1
P0017,Chennai,77,55,3
P0017,Pune,43,32,7
P0017,Kolkata,215,296,4
P0017,Ahmedabad,242,338,4
P0018,Hyderabad,704,912,7
P0018,Bengaluru,1122,887,1
P0018,Mumbai,38,42,5
P0018,Delhi,218,184,1
P0018,Chennai,197,110,5
P0018,Pune,250,359,5
P0018,Kolkata,118,141,7
P0018,Ahmedabad,230,220,4
P0019,Hyderabad,282,254,2
P0019,Bengaluru,40,39,5
P0019,Mumbai,142,143,3
P0019,Delhi,368,235,2
P0019,Chennai,459,375,1
P0019,Pune,186,169,3
P0019,Kolkata,105,122,3
P0019,Ahmedabad,79,113,7
P0020,Hyderabad,151,161,2
P0020,Bengaluru,118,168,1
P0020,Mumbai,150,129,7
P0020,Delhi,167,213,7
P0020,Chennai,184,193,5
P0020,Pune,220,170,2
P0020,Kolkata,277,308,4
P0020,Ahmedabad,52,45,4
P0021,Hyderabad,460,465,3
P0021,Bengaluru,69,65,4
P0021,Mumbai,605,613,3
P0021,Delhi,1206,994,5
P0021,Chennai,94,68,2
P0021,Pune,93,66,4
P0021,Kolkata,702,648,3
P0021,Ahmedabad,418,506,2
P0022,Hyderabad,973,1116,7
P0022,Bengaluru,144,104,7
P0022,Mumbai,56,72,1
P0022,Delhi,162,122,1
P0022,Chennai,207,120,5
P0022,Pune,119,79,3
P0022,Kolkata,206,290,3
P0022,Ahmedabad,244,171,5
P0023,Hyderabad,268,175,5
P0023,Bengaluru,168,194,3
P0023,Mumbai,337,449,7
P0023,Delhi,171,247,6
P0023,Chennai,204,179,1
P0023,Pune,360,468,3
P0023,Kolkata,200,220,1
P0023,Ahmedabad,94,77,7
P0024,Hyderabad,79,79,6
P0024,Bengaluru,302,204,1
P0024,Mumbai,240,320,3
P0024,Delhi,139,166,5
P0024,Chennai,206,239,1
P0024,Pune,237,166,4
P0024,Kolkata,301,398,5
P0024,Ahmedabad,273,283,2
P0025,Hyderabad,88,125,1
P0025,Bengaluru,200,280,4
P0025,Mumbai,90,70,2
P0025,Delhi,76,57,5
P0025,Chennai,212,120,7
P0025,Pune,172,146,2
P0025,Kolkata,499,381,2
P0025,Ahmedabad,116,139,2
P0026,Hyderabad,363,382,2
P0026,Bengaluru,399,429,1
P0026,Mumbai,64,72,7
P0026,Delhi,111,144,6
P0026,Chennai,69,69,5
P0026,Pune,121,110,1
P0026,Kolkata,384,312,1
P0026,Ahmedabad,196,282,2
P0027,Hyderabad,118,166,1
P0027,Bengaluru,112,145,3
P0027,Mumbai,304,196,2
P0027,Delhi,555,537,7
P0027,Chennai,95,74,1
P0027,Pune,184,188,2
P0027,Kolkata,73,94,6
P0027,Ahmedabad,109,130,7
P0028,Hyderabad,222,200,3
P0028,Bengaluru,281,192,2
P0028,Mumbai,44,36,6
P0028,Delhi,805,974,3
P0028,Chennai,157,142,1
P0028,Pune,390,386,5
P0028,Kolkata,349,323,2
P0028,Ahmedabad,231,219,1
P0029,Hyderabad,384,501,3
P0029,Bengaluru,193,171,2
P0029,Mumbai,196,283,5
P0029,Delhi,100,125,7
P0029,Chennai,126,171,2
P0029,Pune,209,260,7
P0029,Kolkata,208,177,7
P0029,Ahmedabad,64,86,6
P0030,Hyderabad,301,293,4
P0030,Bengaluru,132,182,3
P0030,Mumbai,197,186,5
P0030,Delhi,212,182,6
P0030,Chennai,134,152,4
P0030,Pune,149,97,3
P0030,Kolkata,89,88,1
P0030,Ahmedabad,346,451,3
P0031,Hyderabad,188,110,6
P0031,Bengaluru,332,473,1
P0031,Mumbai,196,185,5
P0031,Delhi,249,252,4
P0031,Chennai,100,98,4
P0031,Pune,113,77,6
P0031,Kolkata,198,210,3
P0031,Ahmedabad,128,83,7
P0032,Hyderabad,251,245,3
P0032,Bengaluru,243,317,5
P0032,Mumbai,286,286,1
P0032,Delhi,169,203,2
P0032,Chennai,183,244,7
P0032,Pune,118,99,3
P0032,Kolkata,253,363,4
P0032,Ahmedabad,489,693,5
P0033,Hyderabad,245,193,3
P0033,Bengaluru,218,228,3
P0033,Mumbai,81,51,7
P0033,Delhi,108,119,1
P0033,Chennai,127,134,4
P0033,Pune,144,156,7
P0033,Kolkata,254,168,3
P0033,Ahmedabad,546,469,4
P0034,Hyderabad,109,129,5
P0034,Bengaluru,290,252,4
P0034,Mumbai,413,522,3
P0034,Delhi,492,508,7
P0034,Chennai,221,139,5
P0034,Pune,77,73,7
P0034,Kolkata,117,164,3
P0034,Ahmedabad,107,120,3
P0035,Hyderabad,238,249,3
P0035,Bengaluru,292,174,7
P0035,Mumbai,194,180,7
P0035,Delhi,440,313,3
P0035,Chennai,161,88,2
P0035,Pune,310,327,2
P0035,Kolkata,143,105,4
P0035,Ahmedabad,83,96,2
P0036,Hyderabad,215,274,3
P0036,Bengaluru,822,578,4
P0036,Mumbai,102,57,2
P0036,Delhi,96,112,1
P0036,Chennai,241,325,6
P0036,Pune,307,241,5
P0036,Kolkata,104,113,2
P0036,Ahmedabad,243,152,7
P0037,Hyderabad,80,111,5
P0037,Bengaluru,385,309,7
P0037,Mumbai,476,621,5
P0037,Delhi,183,217,1
P0037,Chennai,586,479,5
P0037,Pune,365,495,5
P0037,Kolkata,124,172,6
P0037,Ahmedabad,44,60,5
P0038,Hyderabad,163,189,3
P0038,Bengaluru,68,63,3
P0038,Mumbai,212,294,1
P0038,Delhi,130,102,7
P0038,Chennai,120,79,1
P0038,Pune,81,72,7
P0038,Kolkata,378,452,6
P0038,Ahmedabad,397,303,7
P0039,Hyderabad,182,109,4
P0039,Bengaluru,28,24,3
P0039,Mumbai,76,59,1
P0039,Delhi,124,138,2
P0039,Chennai,205,183,7
P0039,Pune,242,319,4
P0039,Kolkata,557,779,5
P0039,Ahmedabad,48,43,4
P0040,Hyderabad,82,75,4
P0040,Bengaluru,183,209,3
P0040,Mumbai,126,137,6
P0040,Delhi,168,154,3
P0040,Chennai,402,380,3
P0040,Pune,232,303,3
P0040,Kolkata,106,140,2
P0040,Ahmedabad,363,457,3
P0041,Hyderabad,89,88,2
P0041,Bengaluru,51,58,3
P0041,Mumbai,469,340,2
P0041,Delhi,53,47,4
P0041,Chennai,458,331,2
P0041,Pune,438,536,3
P0041,Kolkata,248,272,7
P0041,Ahmedabad,684,614,4
P0042,Hyderabad,262,235,6
P0042,Bengaluru,172,179,4
P0042,Mumbai,117,123,5
P0042,Delhi,129,116,7
P0042,Chennai,259,254,6
P0042,Pune,181,230,4
P0042,Kolkata,82,97,3
P0042,Ahmedabad,243,240,7
P0043,Hyderabad,300,277,3
P0043,Bengaluru,71,56,5
P0043,Mumbai,232,227,1
P0043,Delhi,133,132,3
P0043,Chennai,414,477,3
P0043,Pune,119,65,1
P0043,Kolkata,186,216,7
P0043,Ahmedabad,742,480,7
P0044,Hyderabad,137,163,6
P0044,Bengaluru,276,366,7
P0044,Mumbai,134,85,4
P0044,Delhi,255,277,7
P0044,Chennai,273,214,7
P0044,Pune,147,212,7
P0044,Kolkata,106,103,7
P0044,Ahmedabad,642,474,1
P0045,Hyderabad,310,276,4
P0045,Bengaluru,270,232,3
P0045,Mumbai,370,224,7
P0045,Delhi,347,448,2
P0045,Chennai,281,377,7
P0045,Pune,142,94,4
P0045,Kolkata,291,395,4
P0045,Ahmedabad,171,231,3
P0046,Hyderabad,133,83,5
P0046,Bengaluru,82,113,5
P0046,Mumbai,186,105,5
P0046,Delhi,99,73,3
P0046,Chennai,273,260,4
P0046,Pune,48,62,5
P0046,Kolkata,158,199,5
P0046,Ahmedabad,235,322,3
P0047,Hyderabad,106,88,1
P0047,Bengaluru,193,151,7
P0047,Mumbai,234,320,4
P0047,Delhi,100,86,1
P0047,Chennai,361,498,1
P0047,Pune,118,152,2
P0047,Kolkata,164,192,3
P0047,Ahmedabad,199,260,4
P0048,Hyderabad,137,102,6
P0048,Bengaluru,63,80,6
P0048,Mumbai,107,102,5
P0048,Delhi,117,99,2
P0048,Chennai,108,99,4
P0048,Pune,106,59,5
P0048,Kolkata,282,288,6
P0048,Ahmedabad,198,176,1
P0049,Hyderabad,121,78,7
P0049,Bengaluru,235,186,6
P0049,Mumbai,253,218,4
P0049,Delhi,172,240,2
P0049,Chennai,117,138,4
P0049,Pune,297,235,1
P0049,Kolkata,268,357,3
P0049,Ahmedabad,95,112,7
P0050,Hyderabad,162,190,5
P0050,Bengaluru,118,84,5
P0050,Mumbai,401,394,4
P0050,Delhi,49,68,1
P0050,Chennai,78,43,7
P0050,Pune,121,128,2
P0050,Kolkata,50,33,1
P0050,Ahmedabad,322,418,6
P0051,Hyderabad,373,391,4
P0051,Bengaluru,55,54,7
P0051,Mumbai,388,339,4
P0051,Delhi,152,177,3
P0051,Chennai,159,223,7
P0051,Pune,136,104,5
P0051,Kolkata,257,243,6
P0051,Ahmedabad,89,74,3
P0052,Hyderabad,202,126,5
P0052,Bengaluru,130,100,2
P0052,Mumbai,220,316,6
P0052,Delhi,248,339,2
P0052,Chennai,166,120,2
P0052,Pune,249,290,2
P0052,Kolkata,82,67,3
P0052,Ahmedabad,178,150,2
P0053,Hyderabad,140,169,4
P0053,Bengaluru,225,284,7
P0053,Mumbai,390,435,3
P0053,Delhi,110,86,1
P0053,Chennai,147,195,3
P0053,Pune,1030,1086,6
P0053,Kolkata,304,269,6
P0053,Ahmedabad,163,231,6
P0054,Hyderabad,118,107,2
P0054,Bengaluru,57,33,6
P0054,Mumbai,66,92,2
P0054,Delhi,143,179,7
P0054,Chennai,115,89,3
P0054,Pune,91,123,3
P0054,Kolkata,264,188,2
P0054,Ahmedabad,290,284,1
P0055,Hyderabad,585,543,1
P0055,Bengaluru,487,355,3
P0055,Mumbai,395,323,4
P0055,Delhi,143,85,7
P0055,Chennai,148,82,1
P0055,Pune,70,59,4
P0055,Kolkata,193,169,4
P0055,Ahmedabad,235,154,2
P0056,Hyderabad,109,97,5
P0056,Bengaluru,268,163,6
P0056,Mumbai,60,33,1
P0056,Delhi,161,184,6
P0056,Chennai,265,249,1
P0056,Pune,163,112,4
P0056,Kolkata,143,204,5
P0056,Ahmedabad,217,191,2
P0057,Hyderabad,248,262,2
P0057,Bengaluru,130,111,2
P0057,Mumbai,116,121,2
P0057,Delhi,215,180,6
P0057,Chennai,50,47,5
P0057,Pune,335,373,2
P0057,Kolkata,277,153,2
P0057,Ahmedabad,57,65,5
P0058,Hyderabad,98,112,3
P0058,Bengaluru,359,278,7
P0058,Mumbai,152,167,5
P0058,Delhi,81,89,7
P0058,Chennai,454,275,2
P0058,Pune,264,321,3
P0058,Kolkata,938,544,1
P0058,Ahmedabad,143,121,1
P0059,Hyderabad,171,97,3
P0059,Bengaluru,322,422,4
P0059,Mumbai,58,79,2
P0059,Delhi,182,258,2
P0059,Chennai,106,133,5
P0059,Pune,406,526,5
P0059,Kolkata,189,213,2
P0059,Ahmedabad,627,480,5
P0060,Hyderabad,27,15,4
P0060,Bengaluru,292,322,3
P0060,Mumbai,275,218,5
P0060,Delhi,160,99,2
P0060,Chennai,275,363,3
P0060,Pune,258,307,5
P0060,Kolkata,48,62,4
P0060,Ahmedabad,321,208,6
P0061,Hyderabad,195,215,6
P0061,Bengaluru,202,183,4
P0061,Mumbai,91,127,3
P0061,Delhi,358,382,4
P0061,Chennai,63,41,7
P0061,Pune,252,327,2
P0061,Kolkata,171,178,4
P0061,Ahmedabad,133,179,5
P0062,Hyderabad,348,207,1
P0062,Bengaluru,464,526,1
P0062,Mumbai,323,407,6
P0062,Delhi,113,110,7
P0062,Chennai,170,154,7
P0062,Pune,51,41,3
P0062,Kolkata,833,628,3
P0062,Ahmedabad,133,111,3
P0063,Hyderabad,95,57,1
P0063,Bengaluru,173,247,5
P0063,Mumbai,59,64,3
P0063,Delhi,53,42,7
P0063,Chennai,348,306,6
P0063,Pune,196,202,7
P0063,Kolkata,284,368,6
P0063,Ahmedabad,38,36,3
P0064,Hyderabad,204,295,3
P0064,Bengaluru,88,52,4
P0064,Mumbai,164,137,3
P0064,Delhi,122,129,6
P0064,Chennai,239,267,2
P0064,Pune,113,162,1
P0064,Kolkata,143,82,6
P0064,Ahmedabad,116,153,4
P0065,Hyderabad,196,151,3
P0065,Bengaluru,398,458,7
P0065,Mumbai,100,79,5
P0065,Delhi,187,146,4
P0065,Chennai,117,136,6
P0065,Pune,106,143,1
P0065,Kolkata,97,114,7
P0065,Ahmedabad,106,138,5
P0066,Hyderabad,271,383,7
P0066,Bengaluru,205,230,5
P0066,Mumbai,509,395,7
P0066,Delhi,325,460,7
P0066,Chennai,65,48,2
P0066,Pune,213,246,6
P0066,Kolkata,246,279,5
P0066,Ahmedabad,144,142,4
P0067,Hyderabad,88,121,7
P0067,Bengaluru,172,115,5
P0067,Mumbai,176,99,2
P0067,Delhi,245,164,5
P0067,Chennai,130,181,3
P0067,Pune,95,88,1
P0067,Kolkata,80,56,1
P0067,Ahmedabad,199,218,2
P0068,Hyderabad,361,414,3
P0068,Bengaluru,297,240,5
P0068,Mumbai,202,271,3
P0068,Delhi,344,288,5
P0068,Chennai,374,527,2
P0068,Pune,107,74,4
P0068,Kolkata,76,70,5
P0068,Ahmedabad,110,108,1
P0069,Hyderabad,220,225,5
P0069,Bengaluru,361,494,5
P0069,Mumbai,455,409,3
P0069,Delhi,206,173,5
P0069,Chennai,464,374,5
P0069,Pune,355,382,5
P0069,Kolkata,170,113,3
P0069,Ahmedabad,59,75,7
P0070,Hyderabad,340,301,4
P0070,Bengaluru,166,101,7
P0070,Mumbai,229,209,4
P0070,Delhi,49,39,7
P0070,Chennai,316,409,5
P0070,Pune,244,284,4
P0070,Kolkata,170,167,7
P0070,Ahmedabad,177,147,7
P0071,Hyderabad,105,83,1
P0071,Bengaluru,67,53,3
P0071,Mumbai,107,155,6
P0071,Delhi,96,82,4
P0071,Chennai,252,187,2
P0071,Pune,235,176,1
P0071,Kolkata,217,276,7
P0071,Ahmedabad,225,227,7
P0072,Hyderabad,247,204,4
P0072,Bengaluru,179,244,3
P0072,Mumbai,178,99,3
P0072,Delhi,45,45,3
P0072,Chennai,235,129,5
P0072,Pune,287,197,4
P0072,Kolkata,237,234,6
P0072,Ahmedabad,88,99,4
P0073,Hyderabad,307,270,7
P0073,Bengaluru,153,215,4
P0073,Mumbai,141,173,5
P0073,Delhi,393,223,2
P0073,Chennai,181,229,1
P0073,Pune,136,158,7
P0073,Kolkata,284,217,5
P0073,Ahmedabad,169,136,3
P0074,Hyderabad,134,140,3
P0074,Bengaluru,776,848,3
P0074,Mumbai,99,88,5
P0074,Delhi,707,704,5
P0074,Chennai,593,821,1
P0074,Pune,99,71,3
P0074,Kolkata,282,398,4
P0074,Ahmedabad,55,52,4
P0075,Hyderabad,389,285,2
P0075,Bengaluru,160,147,3
P0075,Mumbai,345,468,3
P0075,Delhi,657,779,7
P0075,Chennai,592,673,2
P0075,Pune,179,132,7
P0075,Kolkata,86,60,7
P0075,Ahmedabad,239,246,5
P0076,Hyderabad,110,150,5
P0076,Bengaluru,131,143,6
P0076,Mumbai,242,282,3
P0076,Delhi,123,92,2
P0076,Chennai,152,155,2
P0076,Pune,79,44,2
P0076,Kolkata,310,172,2
P0076,Ahmedabad,191,186,3
P0077,Hyderabad,245,236,1
P0077,Bengaluru,128,97,6
P0077,Mumbai,334,408,5
P0077,Delhi,182,111,5
P0077,Chennai,541,689,4
P0077,Pune,303,369,3
P0077,Kolkata,252,330,1
P0077,Ahmedabad,381,458,6
P0078,Hyderabad,356,473,4
P0078,Bengaluru,479,355,2
P0078,Mumbai,373,300,5
P0078,Delhi,228,230,4
P0078,Chennai,137,122,7
P0078,Pune,29,19,5
P0078,Kolkata,91,98,4
P0078,Ahmedabad,130,98,5
P0079,Hyderabad,108,109,1
P0079,Bengaluru,80,62,6
P0079,Mumbai,241,313,6
P0079,Delhi,137,115,1
P0079,Chennai,255,236,7
P0079,Pune,333,232,6
P0079,Kolkata,186,114,5
P0079,Ahmedabad,151,106,5
P0080,Hyderabad,95,124,3
P0080,Bengaluru,45,63,5
P0080,Mumbai,429,366,5
P0080,Delhi,289,247,2
P0080,Chennai,112,143,4
P0080,Pune,360,381,7
P0080,Kolkata,78,77,3
P0080,Ahmedabad,170,145,1
P0081,Hyderabad,172,173,2
P0081,Bengaluru,130,118,2
P0081,Mumbai,548,548,2
P0081,Delhi,172,212,6
P0081,Chennai,89,87,2
P0081,Pune,506,406,6
P0081,Kolkata,222,275,2
P0081,Ahmedabad,152,138,3
P0082,Hyderabad,146,85,4
P0082,Bengaluru,419,451,4
P0082,Mumbai,336,279,3
P0082,Delhi,272,223,7
P0082,Chennai,76,101,2
P0082,Pune,55,56,1
P0082,Kolkata,76,81,3
P0082,Ahmedabad,508,513,7
P0083,Hyderabad,118,135,7
P0083,Bengaluru,328,411,1
P0083,Mumbai,118,125,2
P0083,Delhi,158,98,4
P0083,Chennai,182,220,3
P0083,Pune,211,239,2
P0083,Kolkata,180,248,6
P0083,Ahmedabad,84,115,6
P0084,Hyderabad,178,117,7
P0084,Bengaluru,596,383,6
P0084,Mumbai,74,74,2
P0084,Delhi,243,313,3
P0084,Chennai,257,302,7
P0084,Pune,155,181,2
P0084,Kolkata,72,99,5
P0084,Ahmedabad,151,207,2
P0085,Hyderabad,159,103,3
P0085,Bengaluru,234,325,1
P0085,Mumbai,136,78,6
P0085,Delhi,46,25,6
P0085,Chennai,278,327,7
P0085,Pune,81,73,3
P0085,Kolkata,139,199,4
P0085,Ahmedabad,299,184,7
P0086,Hyderabad,56,47,2
P0086,Bengaluru,186,228,3
P0086,Mumbai,189,194,6
P0086,Delhi,431,451,2
P0086,Chennai,460,430,7
P0086,Pune,239,177,6
P0086,Kolkata,222,218,1
P0086,Ahmedabad,188,227,4
P0087,Hyderabad,223,228,7
P0087,Bengaluru,240,240,3
P0087,Mumbai,342,371,7
P0087,Delhi,370,322,3
P0087,Chennai,218,197,4
P0087,Pune,126,92,2
P0087,Kolkata,220,248,5
P0087,Ahmedabad,92,113,4
P0088,Hyderabad,457,411,3
P0088,Bengaluru,339,267,3
P0088,Mumbai,123,154,7
P0088,Delhi,183,146,6
P0088,Chennai,215,277,2
P0088,Pune,52,43,2
P0088,Kolkata,296,312,2
P0088,Ahmedabad,377,272,3
P0089,Hyderabad,118,112,2
P0089,Bengaluru,197,141,6
P0089,Mumbai,446,272,1
P0089,Delhi,337,304,5
P0089,Chennai,509,476,1
P0089,Pune,349,407,4
P0089,Kolkata,436,342,1
P0089,Ahmedabad,416,436,4
P0090,Hyderabad,446,524,6
P0090,Bengaluru,249,251,3
P0090,Mumbai,321,249,3
P0090,Delhi,267,297,7
P0090,Chennai,608,616,5
P0090,Pune,126,133,5
P0090,Kolkata,402,236,4
P0090,Ahmedabad,132,147,1
P0091,Hyderabad,535,550,1
P0091,Bengaluru,172,184,6
P0091,Mumbai,1056,1462,1
P0091,Delhi,156,100,1
P0091,Chennai,165,179,3
P0091,Pune,79,105,7
P0091,Kolkata,318,327,3
P0091,Ahmedabad,38,40,6
P0092,Hyderabad,226,199,5
P0092,Bengaluru,228,129,2
P0092,Mumbai,65,77,6
P0092,Delhi,244,180,6
P0092,Chennai,282,235,6
P0092,Pune,55,63,6
P0092,Kolkata,61,55,6
P0092,Ahmedabad,201,278,7
P0093,Hyderabad,177,115,6
P0093,Bengaluru,288,404,2
P0093,Mumbai,56,78,7
P0093,Delhi,117,161,5
P0093,Chennai,120,153,7
P0093,Pune,192,185,2
P0093,Kolkata,35,27,4
P0093,Ahmedabad,220,204,6
P0094,Hyderabad,245,280,7
P0094,Bengaluru,203,119,1
P0094,Mumbai,581,426,7
P0094,Delhi,300,366,7
P0094,Chennai,276,233,5
P0094,Pune,346,440,3
P0094,Kolkata,226,248,4
P0094,Ahmedabad,177,209,7
P0095,Hyderabad,108,71,4
P0095,Bengaluru,131,182,4
P0095,Mumbai,153,190,6
P0095,Delhi,118,140,6
P0095,Chennai,358,309,1
P0095,Pune,147,146,4
P0095,Kolkata,436,609,5
P0095,Ahmedabad,120,70,3
P0096,Hyderabad,286,279,6
P0096,Bengaluru,543,567,7
P0096,Mumbai,84,113,6
P0096,Delhi,343,485,6
P0096,Chennai,159,225,2
P0096,Pune,547,763,1
P0096,Kolkata,296,227,5
P0096,Ahmedabad,369,286,4
P0097,Hyderabad,385,403,2
P0097,Bengaluru,462,403,4
P0097,Mumbai,166,171,2
P0097,Delhi,181,219,3
P0097,Chennai,259,240,6
P0097,Pune,62,64,1
P0097,Kolkata,61,43,2
P0097,Ahmedabad,178,124,3
P0098,Hyderabad,86,98,7
P0098,Bengaluru,522,475,1
P0098,Mumbai,362,234,6
P0098,Delhi,119,168,5
P0098,Chennai,415,331,3
P0098,Pune,126,101,7
P0098,Kolkata,108,102,4
P0098,Ahmedabad,264,288,5
P0099,Hyderabad,423,320,3
P0099,Bengaluru,139,160,1
P0099,Mumbai,137,164,3
P0099,Delhi,112,160,7
P0099,Chennai,90,87,7
P0099,Pune,287,402,7
P0099,Kolkata,587,389,6
P0099,Ahmedabad,653,824,4
P0100,Hyderabad,181,138,2
P0100,Bengaluru,145,122,3
P0100,Mumbai,172,235,6
P0100,Delhi,317,250,6
P0100,Chennai,871,832,3
P0100,Pune,324,290,1
P0100,Kolkata,155,102,3
P0100,Ahmedabad,538,473,6
