promotion_id,product_id,customer_segment,location,discount_pct,baseline_units,promoted_units,sales_uplift_pct,revenue,profit,channel
PR00001,P0056,Professionals,Bengaluru,30,121,207,71.07,77365.01,-4284.07,In-Store
PR00002,P0003,Families,Pune,10,79,100,26.58,32099.4,3985.4,SMS
PR00003,P0056,Professionals,Ahmedabad,25,129,217,68.22,86895.48,1302.0,Social Media
PR00004,P0055,Professionals,Bengaluru,20,110,168,52.73,455669.76,49822.08,Social Media
PR00005,P0097,Professionals,Pune,25,90,137,52.22,195932.95,13588.69,Social Media
PR00006,P0065,Families,Pune,30,56,96,71.43,85297.63,-13722.53,Email
PR00007,P0027,Students,Bengaluru,30,139,235,69.06,98469.7,12440.9,App
PR00008,P0083,Families,Mumbai,15,40,49,22.5,193848.68,16943.0,SMS
PR00009,P0080,Students,Chennai,20,65,91,40.0,23850.01,-56.6,App
PR00010,P0052,Students,Delhi,25,112,176,57.14,33835.56,-767.8,Social Media
PR00011,P0099,Professionals,Bengaluru,15,35,49,40.0,12765.72,1781.88,In-Store
PR00012,P0083,Premium Customers,Delhi,25,149,228,53.02,795873.33,-27279.63,SMS
PR00013,P0017,Premium Customers,Ahmedabad,15,141,204,44.68,53979.42,18936.3,Email
PR00014,P0086,Professionals,Delhi,10,177,192,8.47,71471.81,10721.09,Email
PR00015,P0037,Students,Chennai,30,31,54,74.19,11081.83,443.29,App
PR00016,P0075,Students,Bengaluru,25,177,303,71.19,38425.7,8658.98,SMS
PR00017,P0087,Families,Bengaluru,20,145,205,41.38,55991.24,16596.39,SMS
PR00018,P0078,Premium Customers,Delhi,20,162,229,41.36,66246.95,17419.57,In-Store
PR00019,P0047,Premium Customers,Pune,20,157,229,45.86,131999.26,-7051.83,App
PR00020,P0052,Families,Ahmedabad,30,150,220,46.67,39474.82,-3779.38,Email
PR00021,P0075,Premium Customers,Pune,15,157,228,45.22,32769.64,10370.92,In-Store
PR00022,P0071,Families,Ahmedabad,15,71,94,32.39,128030.16,38309.98,Email
PR00023,P0049,Families,Pune,30,64,115,79.69,11026.08,-2524.37,SMS
PR00024,P0066,Students,Bengaluru,30,77,139,80.52,97163.78,3616.78,Email
PR00025,P0048,Professionals,Ahmedabad,5,75,75,0.0,43857.22,4212.22,Email
PR00026,P0056,Families,Kolkata,25,173,297,71.68,118930.68,1782.0,Social Media
PR00027,P0034,Families,Kolkata,20,94,136,44.68,30588.03,-3029.81,Social Media
PR00028,P0079,Professionals,Mumbai,30,167,289,73.05,83108.89,-20566.97,In-Store
PR00029,P0091,Students,Delhi,20,40,56,40.0,12538.18,36.18,App
PR00030,P0088,Families,Bengaluru,10,80,94,17.5,17419.99,2585.85,SMS
PR00031,P0067,Students,Chennai,25,150,249,66.0,90820.26,2534.82,Email
PR00032,P0029,Students,Kolkata,15,59,88,49.15,31250.69,5847.73,Social Media
PR00033,P0079,Professionals,Kolkata,15,139,190,36.69,66347.43,-1813.17,Email
PR00034,P0064,Premium Customers,Delhi,30,120,202,68.33,98086.35,17245.95,App
PR00035,P0081,Families,Mumbai,10,38,45,18.42,88884.14,32999.99,SMS
PR00036,P0067,Premium Customers,Hyderabad,30,162,284,75.31,96680.42,-4014.62,In-Store
PR00037,P0087,Professionals,Kolkata,15,136,182,33.82,52816.13,17841.19,Email
PR00038,P0097,Professionals,Mumbai,25,91,149,63.74,213094.96,14778.94,SMS
PR00039,P0072,Families,Ahmedabad,5,33,43,30.3,12173.71,3759.9,App
PR00040,P0039,Premium Customers,Hyderabad,25,105,166,58.1,89108.38,17852.89,SMS
PR00041,P0031,Premium Customers,Delhi,15,173,263,52.02,51888.19,13395.51,Email
PR00042,P0038,Students,Mumbai,25,129,200,55.04,84399.0,5041.0,Email
PR00043,P0027,Families,Pune,20,37,57,54.05,27296.16,6429.6,Social Media
PR00044,P0059,Students,Bengaluru,10,108,124,14.81,28705.75,8337.51,App
PR00045,P0078,Families,Chennai,20,128,210,64.06,60750.48,15974.28,Email
PR00046,P0052,Students,Chennai,30,76,127,67.11,22787.74,-2181.73,Email
PR00047,P0013,Premium Customers,Mumbai,10,144,180,25.0,94395.78,4802.58,In-Store
PR00048,P0082,Families,Chennai,30,139,235,69.06,58025.73,5296.43,Social Media
PR00049,P0010,Students,Hyderabad,30,54,97,79.63,74328.09,-8014.24,Social Media
PR00050,P0024,Premium Customers,Kolkata,15,160,210,31.25,45401.48,3764.77,In-Store
PR00051,P0061,Families,Delhi,10,162,195,20.37,39294.45,11620.05,Email
PR00052,P0014,Premium Customers,Hyderabad,20,159,230,44.65,170549.6,-14324.4,SMS
PR00053,P0067,Professionals,Bengaluru,25,166,243,46.39,88631.82,2473.74,Email
PR00054,P0008,Students,Chennai,30,62,106,70.97,13684.71,1832.85,App
PR00055,P0050,Premium Customers,Ahmedabad,15,156,197,26.28,189725.87,26542.89,In-Store
PR00056,P0058,Premium Customers,Pune,20,163,250,53.37,164840.0,12597.5,In-Store
PR00057,P0024,Students,Ahmedabad,25,92,142,54.35,27088.28,-1066.07,Social Media
PR00058,P0029,Families,Chennai,25,55,88,60.0,27574.14,2171.18,Social Media
PR00059,P0062,Professionals,Pune,10,39,49,25.64,58325.34,4532.65,Email
PR00060,P0055,Families,Chennai,10,155,207,33.55,631631.52,131569.2,In-Store
PR00061,P0015,Premium Customers,Ahmedabad,15,53,85,60.38,185955.6,-4055.09,Email
PR00062,P0085,Professionals,Hyderabad,10,103,125,21.36,65936.25,5801.25,Social Media
PR00063,P0057,Families,Hyderabad,30,66,130,96.97,38911.6,8054.8,Email
PR00064,P0030,Families,Delhi,5,142,166,16.9,60951.05,25516.69,Email
PR00065,P0034,Students,Delhi,10,134,182,35.82,46050.73,1062.15,Email
PR00066,P0004,Families,Chennai,15,84,107,27.38,51012.95,14371.87,Email
PR00067,P0007,Families,Chennai,10,145,199,37.24,93884.22,16117.01,Email
PR00068,P0094,Families,Hyderabad,30,69,111,60.87,82222.92,13621.59,Email
PR00069,P0011,Premium Customers,Ahmedabad,30,161,264,63.98,70499.35,9050.71,In-Store
PR00070,P0031,Professionals,Pune,25,123,226,83.74,39342.65,6265.28,App
PR00071,P0080,Families,Delhi,5,33,39,18.18,12137.95,1892.26,SMS
PR00072,P0074,Students,Kolkata,5,45,54,20.0,23670.33,4305.39,App
PR00073,P0052,Families,Pune,25,109,188,72.48,36142.53,-820.15,In-Store
PR00074,P0036,Professionals,Bengaluru,20,141,218,54.61,82210.42,7684.94,Social Media
PR00075,P0038,Premium Customers,Delhi,30,54,99,83.33,38992.34,-289.87,SMS
PR00076,P0014,Premium Customers,Delhi,5,64,63,-1.56,55474.96,4835.56,Social Media
PR00077,P0089,Families,Pune,10,46,57,23.91,10781.21,2231.78,SMS
PR00078,P0002,Families,Ahmedabad,15,110,151,37.27,41712.47,7284.47,SMS
PR00079,P0023,Professionals,Hyderabad,25,68,120,76.47,40499.1,7205.1,SMS
PR00080,P0029,Families,Hyderabad,10,115,178,54.78,66929.96,15546.7,Email
PR00081,P0097,Families,Chennai,20,160,240,50.0,366122.88,46687.68,App
PR00082,P0045,Students,Mumbai,20,58,89,53.45,11555.05,3166.8,Social Media
PR00083,P0013,Students,Mumbai,20,117,173,47.86,80644.3,-5464.72,Social Media
PR00084,P0009,Professionals,Mumbai,5,164,173,5.49,19887.99,8264.12,App
PR00085,P0022,Professionals,Ahmedabad,30,100,173,73.0,57207.64,5352.62,SMS
PR00086,P0030,Professionals,Mumbai,10,118,130,10.17,45220.5,17470.7,Social Media
PR00087,P0025,Professionals,Bengaluru,20,98,157,60.2,23264.89,-1778.18,Social Media
PR00088,P0012,Premium Customers,Bengaluru,30,177,283,59.89,44013.86,5115.51,App
PR00089,P0005,Students,Mumbai,30,161,281,74.53,29402.72,-2181.68,Social Media
PR00090,P0068,Premium Customers,Chennai,30,111,199,79.28,47905.27,9575.88,In-Store
PR00091,P0091,Professionals,Hyderabad,10,64,69,7.81,17379.93,1975.68,App
PR00092,P0048,Students,Mumbai,20,130,204,56.92,100456.13,-7378.27,SMS
PR00093,P0045,Families,Bengaluru,15,86,123,43.02,16967.42,5374.67,SMS
PR00094,P0070,Premium Customers,Pune,15,78,124,58.97,71011.14,12455.86,Email
PR00095,P0025,Premium Customers,Hyderabad,5,31,36,16.13,6334.87,592.51,In-Store
PR00096,P0048,Students,Kolkata,15,49,67,36.73,35055.0,-361.2,In-Store
PR00097,P0080,Premium Customers,Mumbai,10,86,123,43.02,36266.43,3953.1,SMS
PR00098,P0026,Professionals,Ahmedabad,20,36,54,50.0,24678.43,-1752.41,App
PR00099,P0053,Students,Pune,25,95,152,60.0,21849.24,3481.56,App
PR00100,P0096,Professionals,Pune,20,149,240,61.07,186558.72,-11374.08,Email
PR00101,P0017,Premium Customers,Kolkata,10,110,125,13.64,35021.25,13548.75,Social Media
PR00102,P0047,Families,Chennai,10,51,60,17.65,38908.08,2475.48,Email
PR00103,P0078,Families,Pune,5,117,116,-0.85,39849.42,15115.9,SMS
PR00104,P0087,Students,Delhi,30,139,228,64.03,54489.04,10674.28,SMS
PR00105,P0089,Students,Mumbai,25,115,206,79.13,32469.72,1571.78,SMS
PR00106,P0005,Premium Customers,Pune,25,134,217,61.94,24327.87,-62.93,Social Media
PR00107,P0084,Families,Ahmedabad,25,160,249,55.62,99041.0,-8492.15,SMS
PR00108,P0050,Premium Customers,Hyderabad,30,48,86,79.17,68208.41,-3028.83,Social Media
PR00109,P0097,Students,Hyderabad,25,58,84,44.83,120134.07,8331.75,SMS
PR00110,P0007,Families,Pune,10,40,46,15.0,21701.88,3725.54,Email
PR00111,P0043,Premium Customers,Hyderabad,15,59,86,45.76,21123.71,-127.75,Email
PR00112,P0088,Professionals,Delhi,15,125,161,28.8,28178.78,2771.37,SMS
PR00113,P0059,Families,Pune,20,80,131,63.75,26956.66,5438.6,App
PR00114,P0015,Premium Customers,Pune,5,138,149,7.97,364318.56,31240.98,Email
PR00115,P0011,Premium Customers,Delhi,5,32,33,3.12,11959.71,4278.63,Social Media
PR00116,P0049,Families,Bengaluru,25,121,217,79.34,22291.87,-3277.24,Email
PR00117,P0005,Students,Mumbai,25,57,98,71.93,10986.78,-28.42,Social Media
PR00118,P0002,Professionals,Kolkata,20,66,100,51.52,25999.2,3199.2,SMS
PR00119,P0100,Professionals,Chennai,10,158,210,32.91,93917.88,24439.38,App
PR00120,P0071,Students,Chennai,30,66,102,54.55,114409.93,17053.99,Social Media
PR00121,P0013,Families,Chennai,10,176,226,28.41,118519.15,6029.91,App
PR00122,P0026,Students,Hyderabad,30,166,302,81.93,120764.36,-27052.56,In-Store
PR00123,P0071,Students,Bengaluru,10,99,113,14.14,162962.05,55106.94,SMS
PR00124,P0005,Professionals,Bengaluru,10,175,217,24.0,29193.44,4802.64,Email
PR00125,P0083,Families,Chennai,30,179,288,60.89,938292.77,-101479.39,Email
PR00126,P0059,Students,Delhi,15,169,214,26.63,46788.32,11636.68,SMS
PR00127,P0006,Professionals,Ahmedabad,25,31,48,54.84,12143.16,1280.76,App
PR00128,P0073,Premium Customers,Bengaluru,10,53,67,26.42,17312.13,6571.36,Social Media
PR00129,P0033,Premium Customers,Pune,15,46,69,50.0,16219.66,1339.81,App
PR00130,P0027,Premium Customers,Hyderabad,15,44,60,36.36,30528.6,8563.8,SMS
PR00131,P0069,Professionals,Mumbai,10,142,175,23.24,19534.73,1667.23,SMS
PR00132,P0049,Premium Customers,Mumbai,20,89,132,48.31,14464.03,-1089.53,Social Media
PR00133,P0008,Premium Customers,Kolkata,20,44,65,47.73,9590.36,2322.71,App
PR00134,P0068,Premium Customers,Ahmedabad,5,76,80,5.26,26136.4,10727.6,App
PR00135,P0079,Professionals,Hyderabad,30,123,208,69.11,59815.39,-14802.53,Social Media
PR00136,P0040,Premium Customers,Delhi,5,167,216,29.34,150097.64,18445.64,App
PR00137,P0048,Students,Kolkata,20,86,127,47.67,62538.86,-4593.34,Social Media
PR00138,P0025,Families,Kolkata,15,61,83,36.07,13067.98,-171.35,Social Media
PR00139,P0008,Professionals,Chennai,20,56,84,50.0,12393.7,3001.66,In-Store
PR00140,P0011,Premium Customers,Delhi,10,103,128,24.27,43947.65,14154.37,App
PR00141,P0032,Professionals,Ahmedabad,15,88,133,51.14,107243.75,14613.24,Social Media
PR00142,P0069,Premium Customers,Chennai,20,172,214,24.42,21233.94,-615.46,SMS
PR00143,P0025,Students,Bengaluru,30,41,74,80.49,9594.91,-2208.83,App
PR00144,P0029,Students,Mumbai,5,140,175,25.0,69457.59,18940.34,App
PR00145,P0040,Families,Kolkata,30,172,320,86.05,163849.28,-31190.72,Social Media
PR00146,P0070,Premium Customers,Bengaluru,30,125,205,64.0,96680.25,-124.85,App
PR00147,P0062,Families,Bengaluru,15,129,162,25.58,182117.89,4272.67,Email
PR00148,P0094,Families,Kolkata,20,86,113,31.4,95662.18,25824.79,Social Media
PR00149,P0042,Premium Customers,Chennai,10,53,63,18.87,43313.7,10702.38,Email
PR00150,P0008,Families,Pune,15,40,59,47.5,9249.16,2652.37,SMS
PR00151,P0095,Professionals,Ahmedabad,30,71,124,74.65,30090.96,-6255.92,App
PR00152,P0092,Professionals,Bengaluru,5,169,215,27.22,68997.69,25991.24,SMS
PR00153,P0032,Premium Customers,Mumbai,5,141,168,19.15,151402.94,34395.98,App
PR00154,P0079,Professionals,Ahmedabad,5,106,127,19.81,49565.43,4005.45,App
PR00155,P0025,Premium Customers,Pune,15,43,62,44.19,9761.62,-128.0,Email
PR00156,P0010,Professionals,Kolkata,30,155,275,77.42,210723.97,-22720.77,App
PR00157,P0062,Premium Customers,Mumbai,20,54,74,37.04,78296.14,-2941.8,SMS
PR00158,P0039,Families,Pune,5,72,76,5.56,51675.71,19052.71,Email
PR00159,P0086,Families,Bengaluru,25,111,180,62.16,55837.35,-1116.45,App
PR00160,P0056,Families,Ahmedabad,25,53,82,54.72,32836.08,492.0,Email
PR00161,P0043,Professionals,Pune,25,131,215,64.12,46596.41,-6532.24,App
PR00162,P0075,Premium Customers,Hyderabad,30,72,113,56.94,13375.02,2273.9,SMS
PR00163,P0082,Students,Pune,20,167,232,38.92,65468.54,13412.38,In-Store
PR00164,P0073,Professionals,Delhi,10,86,108,25.58,27906.12,10592.64,Email
PR00165,P0066,Professionals,Mumbai,5,40,42,5.0,39844.14,11578.14,In-Store
PR00166,P0079,Professionals,Mumbai,20,108,162,50.0,53242.27,-4873.61,Social Media
PR00167,P0050,Families,Delhi,20,104,159,52.88,144121.42,12415.36,In-Store
PR00168,P0041,Premium Customers,Bengaluru,30,83,138,66.27,89898.86,4487.9,Social Media
PR00169,P0087,Students,Pune,5,118,130,10.17,42164.14,17182.04,Email
PR00170,P0043,Families,Ahmedabad,25,148,258,74.32,55915.7,-7838.68,App
PR00171,P0002,Families,Kolkata,25,145,221,52.41,53867.09,3479.09,In-Store
PR00172,P0046,Students,Chennai,5,100,109,9.0,58917.88,11850.59,Email
PR00173,P0072,Premium Customers,Ahmedabad,10,69,96,39.13,25748.06,6963.74,In-Store
PR00174,P0096,Premium Customers,Mumbai,10,150,202,34.67,176647.79,10054.35,Email
PR00175,P0021,Professionals,Delhi,20,31,46,48.39,23130.27,-871.61,SMS
PR00176,P0016,Students,Kolkata,25,30,45,50.0,35713.24,4867.99,In-Store
PR00177,P0013,Premium Customers,Kolkata,25,175,284,62.29,124112.97,-17245.19,Email
PR00178,P0027,Professionals,Bengaluru,15,167,232,38.92,118043.92,33113.36,App
PR00179,P0070,Students,Pune,30,31,51,64.52,24052.16,-31.06,Social Media
PR00180,P0008,Professionals,Chennai,30,112,195,74.11,25174.69,3371.74,Email
PR00181,P0038,Premium Customers,Mumbai,5,173,186,7.51,99422.02,25619.08,Social Media
PR00182,P0045,Students,Chennai,20,31,48,54.84,6231.94,1707.94,SMS
PR00183,P0005,Premium Customers,Chennai,10,131,165,25.95,22197.78,3651.78,In-Store
PR00184,P0064,Premium Customers,Mumbai,25,138,221,60.14,114977.46,26533.26,App
PR00185,P0047,Students,Mumbai,5,107,126,17.76,86246.24,9737.78,Social Media
PR00186,P0089,Professionals,Hyderabad,10,142,149,4.93,28182.46,5833.95,SMS
PR00187,P0024,Professionals,Delhi,25,47,76,61.7,14497.95,-570.57,In-Store
PR00188,P0065,Professionals,Hyderabad,20,87,113,29.89,114745.62,-1809.36,App
PR00189,P0025,Premium Customers,Delhi,5,82,96,17.07,16892.98,1580.02,Email
PR00190,P0019,Families,Pune,15,36,48,33.33,7097.98,2330.14,Email
PR00191,P0019,Premium Customers,Pune,15,54,70,29.63,10351.22,3398.11,Social Media
PR00192,P0006,Students,Hyderabad,20,125,189,51.2,51001.27,8230.57,App
PR00193,P0006,Families,Hyderabad,20,48,69,43.75,18619.51,3004.81,Email
PR00194,P0026,Premium Customers,Hyderabad,5,67,75,11.94,40702.28,3992.78,Email
PR00195,P0035,Students,Chennai,15,32,45,40.62,14037.75,3073.95,Social Media
PR00196,P0032,Premium Customers,Pune,20,142,206,45.07,156335.87,12863.05,SMS
PR00197,P0089,Premium Customers,Ahmedabad,20,147,205,39.46,34466.24,3718.29,Email
PR00198,P0026,Families,Chennai,5,134,136,1.49,73806.79,7240.23,In-Store
PR00199,P0023,Premium Customers,Chennai,5,154,161,4.55,68825.97,24156.52,SMS
PR00200,P0062,Premium Customers,Bengaluru,30,140,239,70.71,221265.96,-41110.63,Email
PR00201,P0036,Premium Customers,Ahmedabad,25,36,47,30.56,16616.5,549.08,SMS
PR00202,P0032,Families,Hyderabad,10,49,65,32.65,55495.44,10224.89,Social Media
PR00203,P0001,Families,Bengaluru,15,88,119,35.23,74001.34,8970.22,SMS
PR00204,P0097,Students,Pune,25,110,175,59.09,250279.31,17357.81,Social Media
PR00205,P0071,Students,Bengaluru,5,170,195,14.71,296840.9,110719.24,Email
PR00206,P0072,Premium Customers,Kolkata,20,161,247,53.42,58886.78,10556.29,Social Media
PR00207,P0066,Professionals,Kolkata,15,108,158,46.3,134111.98,27777.98,SMS
PR00208,P0091,Professionals,Hyderabad,15,116,161,38.79,38300.21,2356.96,App
PR00209,P0076,Students,Pune,10,142,189,33.1,66890.12,10358.33,Social Media
PR00210,P0098,Premium Customers,Hyderabad,10,30,38,26.67,36043.72,5128.82,SMS
PR00211,P0057,Premium Customers,Ahmedabad,10,172,216,25.58,83125.44,31855.68,In-Store
PR00212,P0039,Students,Pune,25,139,230,65.47,123463.42,24735.93,In-Store
PR00213,P0096,Students,Mumbai,30,61,111,81.97,75497.98,-16045.94,In-Store
PR00214,P0029,Students,Mumbai,20,68,102,50.0,34091.66,4647.32,Email
PR00215,P0011,Premium Customers,Hyderabad,10,178,201,12.92,69011.54,22226.78,Social Media
PR00216,P0034,Premium Customers,Mumbai,5,96,98,2.08,26174.13,1949.51,Social Media
PR00217,P0031,Premium Customers,Pune,15,80,112,40.0,22096.87,5704.55,In-Store
PR00218,P0008,Families,Mumbai,30,51,90,76.47,11619.09,1556.19,In-Store
PR00219,P0029,Premium Customers,Kolkata,30,150,266,77.33,77792.5,1006.28,SMS
PR00220,P0072,Students,Kolkata,30,97,181,86.6,37757.87,2341.6,In-Store
PR00221,P0013,Professionals,Hyderabad,20,41,54,31.71,25172.21,-1705.75,In-Store
PR00222,P0013,Students,Kolkata,30,81,136,67.9,55472.09,-12220.55,In-Store
PR00223,P0072,Students,Ahmedabad,25,149,245,64.43,54759.34,6820.19,SMS
PR00224,P0037,Professionals,Bengaluru,5,164,172,4.88,47903.98,14018.26,App
PR00225,P0055,Professionals,Kolkata,25,32,51,59.38,129682.8,6479.04,App
PR00226,P0040,Premium Customers,Delhi,25,52,87,67.31,47728.42,-5298.08,SMS
PR00227,P0092,Premium Customers,Hyderabad,15,80,115,43.75,33020.93,10017.48,SMS
PR00228,P0066,Students,Mumbai,25,101,178,76.24,133313.1,13519.1,App
PR00229,P0089,Students,Delhi,30,121,178,47.11,26185.94,-512.28,Email
PR00230,P0072,Students,Chennai,30,49,93,89.8,19400.45,1203.14,Social Media
PR00231,P0075,Families,Bengaluru,15,117,182,55.56,26158.22,8278.54,Social Media
PR00232,P0051,Premium Customers,Hyderabad,25,92,158,71.74,99079.04,16078.47,SMS
PR00233,P0053,Professionals,Bengaluru,30,86,150,74.42,20124.3,1998.3,In-Store
PR00234,P0096,Students,Mumbai,15,179,231,29.05,190785.44,275.12,SMS
PR00235,P0100,Professionals,Kolkata,20,123,195,58.54,77519.52,13003.77,Email
PR00236,P0052,Families,Kolkata,15,162,229,41.36,49894.63,4870.94,Email
PR00237,P0057,Professionals,Bengaluru,20,127,185,45.67,63284.8,19373.2,SMS
PR00238,P0097,Families,Ahmedabad,20,161,225,39.75,343240.2,43769.7,App
PR00239,P0023,Families,Mumbai,10,170,219,28.82,88693.03,27931.48,In-Store
PR00240,P0051,Professionals,Kolkata,10,161,210,30.43,158024.79,47707.59,Social Media
PR00241,P0056,Families,Ahmedabad,25,140,210,50.0,84092.4,1260.0,SMS
PR00242,P0046,Professionals,Delhi,15,123,170,38.21,82217.61,8809.91,In-Store
PR00243,P0013,Families,Pune,10,147,190,29.25,99639.99,5069.39,Social Media
PR00244,P0061,Premium Customers,Chennai,10,125,167,33.6,33652.17,9951.53,App
PR00245,P0022,Professionals,Hyderabad,25,167,306,83.23,108415.8,16695.36,SMS
PR00246,P0005,Premium Customers,Hyderabad,5,61,55,-9.84,7810.33,1628.33,Email
PR00247,P0064,Families,Hyderabad,25,111,168,51.35,87403.68,20170.08,App
PR00248,P0038,Students,Pune,20,51,77,50.98,34659.86,4107.03,Social Media
PR00249,P0009,Premium Customers,Bengaluru,25,94,139,47.87,12615.29,3275.88,SMS
PR00250,P0079,Premium Customers,Pune,20,114,184,61.4,60472.7,-5535.46,App
PR00251,P0078,Families,Kolkata,15,82,99,20.73,30429.48,9320.7,Social Media
PR00252,P0004,Professionals,Mumbai,15,134,184,37.31,87723.2,24714.24,In-Store
PR00253,P0039,Families,Mumbai,5,160,176,10.0,119670.06,44122.06,Social Media
PR00254,P0025,Professionals,Pune,30,34,55,61.76,7131.36,-1641.7,SMS
PR00255,P0051,Students,Bengaluru,5,155,152,-1.94,120734.28,40885.64,SMS
PR00256,P0091,Families,Kolkata,5,49,52,6.12,13825.58,2216.58,SMS
PR00257,P0045,Families,Mumbai,5,67,74,10.45,11408.99,4434.49,Social Media
PR00258,P0063,Professionals,Kolkata,5,42,50,19.05,6727.9,1851.9,In-Store
PR00259,P0020,Families,Chennai,5,128,156,21.88,159999.68,34503.92,App
PR00260,P0084,Premium Customers,Hyderabad,15,75,96,28.0,43275.74,1817.18,Social Media
PR00261,P0026,Students,Hyderabad,10,130,169,30.0,86888.65,4169.91,App
PR00262,P0073,Students,Mumbai,5,125,148,18.4,40366.26,16640.38,SMS
PR00263,P0042,Premium Customers,Hyderabad,15,48,66,37.5,42855.35,8691.11,Social Media
PR00264,P0094,Students,Bengaluru,10,165,231,40.0,220001.86,77236.93,SMS
PR00265,P0092,Premium Customers,Delhi,5,146,161,10.27,51668.04,19463.21,SMS
PR00266,P0045,Premium Customers,Bengaluru,10,91,116,27.47,16943.08,6010.08,SMS
PR00267,P0080,Families,Pune,30,92,165,79.35,37838.96,-5508.19,SMS
PR00268,P0043,Professionals,Ahmedabad,25,157,241,53.5,52231.33,-7322.18,App
PR00269,P0018,Families,Hyderabad,15,170,240,41.18,156514.92,7225.32,App
PR00270,P0033,Professionals,Pune,15,144,191,32.64,44897.89,3708.74,Email
PR00271,P0066,Families,Mumbai,25,37,60,62.16,44937.0,4557.0,In-Store
PR00272,P0099,Professionals,Pune,15,76,103,35.53,26834.08,3745.59,In-Store
PR00273,P0026,Families,Delhi,25,151,249,64.9,106682.8,-15192.73,In-Store
PR00274,P0084,Premium Customers,Hyderabad,5,171,187,9.36,94214.9,13457.08,In-Store
PR00275,P0004,Professionals,Delhi,20,136,196,44.12,87947.55,20829.31,In-Store
PR00276,P0088,Professionals,Bengaluru,25,102,169,65.69,26099.09,-570.8,App
PR00277,P0064,Students,Pune,5,72,82,13.89,54037.67,21221.27,App
PR00278,P0061,Families,Chennai,10,87,125,43.68,25188.75,7448.75,Social Media
PR00279,P0015,Students,Pune,25,74,119,60.81,229709.86,-36305.12,Social Media
PR00280,P0099,Students,Ahmedabad,30,124,221,78.23,47415.55,-2123.81,Email
PR00281,P0059,Premium Customers,Ahmedabad,30,68,111,63.24,19985.99,1753.13,App
PR00282,P0055,Premium Customers,Mumbai,15,109,157,44.04,452448.88,73174.56,SMS
PR00283,P0040,Premium Customers,Mumbai,15,160,178,11.25,110671.41,2180.41,SMS
PR00284,P0031,Premium Customers,Hyderabad,25,155,277,78.71,48220.85,7679.13,App
PR00285,P0080,Students,Bengaluru,30,90,153,70.0,35087.03,-5107.6,In-Store
PR00286,P0035,Families,Pune,10,114,145,27.19,47893.5,12565.7,App
PR00287,P0034,Premium Customers,Delhi,25,96,162,68.75,34158.51,-5886.27,Email
PR00288,P0078,Students,Mumbai,10,166,192,15.66,62486.21,21547.97,Social Media
PR00289,P0032,Premium Customers,Delhi,20,120,178,48.33,135086.34,11114.68,Email
PR00290,P0022,Professionals,Ahmedabad,20,130,203,56.15,76717.76,15870.54,Social Media
PR00291,P0091,Professionals,Bengaluru,30,112,210,87.5,41140.89,-5741.61,Social Media
PR00292,P0059,Premium Customers,Hyderabad,30,178,325,82.58,58517.55,5133.05,Social Media
PR00293,P0033,Professionals,Hyderabad,5,149,169,13.42,44400.1,7955.25,SMS
PR00294,P0043,Students,Hyderabad,30,94,176,87.23,35601.1,-7890.26,Email
PR00295,P0078,Professionals,Chennai,15,136,176,29.41,54096.86,16570.14,SMS
PR00296,P0092,Premium Customers,Pune,20,122,199,63.11,53779.35,13973.38,Social Media
PR00297,P0050,Professionals,Mumbai,20,162,227,40.12,205758.25,17725.07,SMS
PR00298,P0065,Families,Bengaluru,25,100,166,66.0,158029.1,-13193.27,Email
PR00299,P0034,Students,Ahmedabad,10,113,137,21.24,34664.56,799.53,SMS
PR00300,P0025,Premium Customers,Ahmedabad,10,74,90,21.62,15003.63,647.73,Social Media
PR00301,P0071,Professionals,Mumbai,15,64,78,21.88,106237.79,31789.13,In-Store
PR00302,P0027,Families,Pune,30,132,230,74.24,96374.6,12176.2,SMS
PR00303,P0053,Families,Mumbai,10,127,150,18.11,25874.1,7748.1,App
PR00304,P0034,Professionals,Mumbai,10,158,194,22.78,49087.04,1132.18,Social Media
PR00305,P0064,Premium Customers,Pune,20,147,217,47.62,120422.85,33579.45,App
PR00306,P0052,Premium Customers,Bengaluru,10,116,151,30.17,34835.25,5147.14,Social Media
PR00307,P0078,Premium Customers,Kolkata,5,31,37,19.35,12710.59,4821.45,SMS
PR00308,P0075,Premium Customers,Pune,20,64,97,51.56,13121.38,3592.1,Social Media
PR00309,P0009,Students,Mumbai,10,62,86,38.71,9366.17,3587.83,SMS
PR00310,P0009,Professionals,Ahmedabad,25,91,143,57.14,12978.32,3370.15,In-Store
PR00311,P0081,Students,Kolkata,15,137,187,36.5,348842.8,116613.11,SMS
PR00312,P0044,Students,Mumbai,30,122,219,79.51,61178.96,-5924.83,Social Media
PR00313,P0074,Families,Chennai,15,133,200,50.38,78439.7,6717.7,App
PR00314,P0001,Students,Ahmedabad,15,40,57,42.5,35446.02,4296.66,SMS
PR00315,P0099,Professionals,Ahmedabad,30,100,184,84.0,39477.2,-1768.24,In-Store
PR00316,P0030,Premium Customers,Chennai,5,166,180,8.43,66091.5,27668.7,In-Store
PR00317,P0033,Students,Chennai,20,113,164,45.13,36283.36,916.76,Email
PR00318,P0021,Professionals,Mumbai,20,104,149,43.27,74921.97,-2823.25,In-Store
PR00319,P0084,Premium Customers,Bengaluru,10,70,89,27.14,42480.23,4044.69,Social Media
PR00320,P0011,Premium Customers,Bengaluru,15,162,226,39.51,73284.23,20680.47,Email
PR00321,P0076,Families,Ahmedabad,30,97,159,63.92,43767.61,-3790.88,Social Media
PR00322,P0040,Professionals,Chennai,25,173,279,61.27,153060.1,-16990.4,In-Store
PR00323,P0073,Professionals,Mumbai,15,133,161,21.05,39289.64,13479.73,App
PR00324,P0001,Students,Chennai,20,84,120,42.86,70233.6,4656.0,App
PR00325,P0030,Professionals,Ahmedabad,30,34,59,73.53,15962.45,3368.31,SMS
PR00326,P0015,Students,Ahmedabad,5,54,63,16.67,154040.73,13209.27,SMS
PR00327,P0040,Students,Bengaluru,20,163,222,36.2,129909.07,-5399.93,App
PR00328,P0068,Premium Customers,Bengaluru,10,176,221,25.57,68401.71,25834.9,SMS
PR00329,P0035,Professionals,Ahmedabad,10,159,195,22.64,64408.5,16898.7,Social Media
PR00330,P0074,Students,Hyderabad,10,135,174,28.89,72256.81,9858.67,SMS
PR00331,P0080,Families,Hyderabad,20,150,228,52.0,59756.06,-141.82,Social Media
PR00332,P0088,Students,Bengaluru,15,56,79,41.07,13826.86,1359.87,SMS
PR00333,P0006,Families,Mumbai,10,90,113,25.56,34304.43,8732.53,App
PR00334,P0066,Students,Ahmedabad,15,136,206,51.47,174854.86,36216.86,SMS
PR00335,P0097,Families,Chennai,30,37,61,64.86,81424.2,234.42,Email
PR00336,P0030,Families,Ahmedabad,30,84,157,86.9,42476.35,8963.13,App
PR00337,P0037,Families,Delhi,30,98,178,81.63,36528.98,1461.2,Email
PR00338,P0083,Students,Pune,5,109,131,20.18,579218.92,106267.0,In-Store
PR00339,P0024,Families,Chennai,15,132,192,45.45,41509.92,3442.08,SMS
PR00340,P0036,Families,Mumbai,10,51,72,41.18,30546.07,5932.15,In-Store
PR00341,P0028,Families,Chennai,30,74,122,64.86,53216.16,-8853.78,Email
PR00342,P0073,Families,Mumbai,5,118,131,11.02,35729.6,14728.98,Social Media
PR00343,P0043,Families,Kolkata,15,127,150,18.11,36843.68,-222.83,SMS
PR00344,P0063,Families,Chennai,5,100,90,-10.0,12110.22,3333.42,In-Store
PR00345,P0065,Students,Pune,10,125,161,28.8,183923.02,17857.96,Social Media
PR00346,P0083,Families,Kolkata,10,73,89,21.92,372803.82,51485.34,In-Store
PR00347,P0064,Premium Customers,Pune,20,144,231,60.42,128192.06,35745.86,SMS
PR00348,P0079,Students,Pune,30,100,171,71.0,49175.15,-12169.39,SMS
PR00349,P0071,Premium Customers,Chennai,30,152,265,74.34,297241.49,44306.94,In-Store
PR00350,P0033,Professionals,Hyderabad,20,42,57,35.71,12610.68,318.63,Email
PR00351,P0100,Premium Customers,Bengaluru,30,157,270,71.97,93917.88,4588.38,App
PR00352,P0099,Professionals,Ahmedabad,5,99,103,4.04,29991.02,6902.55,In-Store
PR00353,P0061,Professionals,Kolkata,15,62,76,22.58,14463.94,3678.02,App
PR00354,P0022,Students,Chennai,30,135,236,74.81,78040.48,7301.84,App
PR00355,P0090,Professionals,Hyderabad,10,139,182,30.94,45981.94,2090.82,SMS
PR00356,P0087,Premium Customers,Delhi,5,111,132,18.92,42812.81,17446.37,Social Media
PR00357,P0051,Premium Customers,Chennai,25,157,251,59.87,157397.71,25542.39,Email
PR00358,P0075,Families,Pune,10,129,140,8.53,21305.34,7551.74,In-Store
PR00359,P0046,Students,Chennai,15,59,91,54.24,44010.6,4715.89,In-Store
PR00360,P0078,Families,Ahmedabad,25,111,166,49.55,45020.44,9625.92,Email
PR00361,P0040,Professionals,Hyderabad,25,85,138,62.35,75707.14,-8403.86,Social Media
PR00362,P0059,Premium Customers,Chennai,10,84,100,19.05,23149.8,6723.8,Social Media
PR00363,P0016,Professionals,Chennai,10,37,44,18.92,41903.53,11743.73,In-Store
PR00364,P0060,Premium Customers,Bengaluru,20,150,192,28.0,50571.26,7570.94,Social Media
PR00365,P0024,Students,Chennai,5,113,131,15.93,31653.86,5680.49,Social Media
PR00366,P0052,Professionals,Ahmedabad,20,134,186,38.81,38141.9,1572.44,In-Store
PR00367,P0007,Premium Customers,Pune,30,71,118,66.2,43298.92,-2814.3,SMS
PR00368,P0086,Premium Customers,Mumbai,10,42,49,16.67,18240.2,2736.11,App
PR00369,P0096,Premium Customers,Hyderabad,15,64,95,48.44,78461.54,113.14,In-Store
PR00370,P0044,Premium Customers,Ahmedabad,15,110,138,25.45,46812.08,4527.5,Email
PR00371,P0026,Families,Pune,25,63,103,63.49,44129.84,-6284.54,In-Store
PR00372,P0074,Professionals,Chennai,15,144,183,27.08,71772.33,6146.7,SMS
PR00373,P0062,Professionals,Hyderabad,30,70,119,70.0,110170.08,-20469.31,SMS
PR00374,P0008,Families,Hyderabad,5,135,144,6.67,25230.02,9129.38,In-Store
PR00375,P0005,Families,Ahmedabad,5,124,135,8.87,19170.81,3996.81,Email
PR00376,P0057,Families,Hyderabad,5,128,143,11.72,58089.46,24146.98,Social Media
PR00377,P0006,Students,Pune,20,104,164,57.69,44255.07,7141.87,Social Media
PR00378,P0054,Students,Delhi,25,120,212,76.67,46316.7,-5828.94,SMS
PR00379,P0027,Professionals,Chennai,10,153,181,18.3,97511.94,31251.46,App
PR00380,P0078,Premium Customers,Delhi,25,112,182,62.5,49359.76,10553.72,Social Media
PR00381,P0079,Families,Delhi,5,84,96,14.29,37466.78,3027.74,Social Media
PR00382,P0093,Premium Customers,Mumbai,30,66,113,71.21,44876.59,4568.36,Email
PR00383,P0054,Students,Delhi,15,139,197,41.73,48778.19,322.09,In-Store
PR00384,P0064,Professionals,Delhi,15,91,119,30.77,70165.73,22541.93,Social Media
PR00385,P0031,Students,Kolkata,10,169,232,37.28,48464.57,14509.05,In-Store
PR00386,P0075,Premium Customers,Delhi,20,94,145,54.26,19614.44,5369.64,Email
PR00387,P0090,Professionals,Hyderabad,5,103,124,20.39,33068.82,3164.98,Social Media
PR00388,P0090,Professionals,Chennai,5,170,230,35.29,61337.32,5870.52,Email
PR00389,P0037,Families,Bengaluru,30,172,296,72.09,60744.82,2429.86,In-Store
PR00390,P0080,Students,Bengaluru,30,67,125,86.57,28665.88,-4172.87,In-Store
PR00391,P0060,Students,Ahmedabad,10,47,65,38.3,19260.54,4703.14,App
PR00392,P0048,Premium Customers,Chennai,15,169,220,30.18,115105.98,-1186.02,App
PR00393,P0061,Families,Pune,20,90,132,46.67,23643.84,4910.4,In-Store
PR00394,P0017,Students,Mumbai,15,32,43,34.38,11378.02,3991.48,Social Media
PR00395,P0079,Professionals,Delhi,20,153,229,49.67,75262.22,-6889.24,App
PR00396,P0033,Families,Delhi,25,117,194,65.81,40238.02,-1598.07,App
PR00397,P0100,Families,Pune,30,31,56,80.65,19479.26,951.66,Social Media
PR00398,P0072,Families,Ahmedabad,20,93,142,52.69,33853.94,6068.8,App
PR00399,P0023,Premium Customers,Ahmedabad,20,48,79,64.58,28439.37,6520.82,Email
PR00400,P0062,Premium Customers,Mumbai,15,152,194,27.63,218091.79,5116.65,Social Media
PR00401,P0088,Premium Customers,Bengaluru,10,111,153,37.84,28353.81,4208.88,In-Store
PR00402,P0042,Families,Kolkata,20,177,285,61.02,174171.48,26644.08,App
PR00403,P0071,Students,Delhi,30,102,168,64.71,188439.89,28088.93,In-Store
PR00404,P0017,Students,Bengaluru,30,33,54,63.64,11767.14,2491.02,In-Store
PR00405,P0055,Professionals,Mumbai,10,158,211,33.54,643836.96,134111.6,SMS
PR00406,P0096,Premium Customers,Pune,5,164,200,21.95,184615.4,19671.4,Email
PR00407,P0004,Premium Customers,Pune,30,150,267,78.0,104830.34,13398.86,In-Store
PR00408,P0012,Professionals,Delhi,10,91,111,21.98,22195.78,6938.83,In-Store
PR00409,P0017,Professionals,Mumbai,15,62,98,58.06,25931.29,9096.85,SMS
PR00410,P0028,Professionals,Chennai,10,153,195,27.45,109361.07,10150.92,Social Media
PR00411,P0090,Premium Customers,Mumbai,30,123,205,66.67,40283.32,-9154.48,In-Store
PR00412,P0070,Professionals,Mumbai,5,93,103,10.75,65924.48,17285.82,Social Media
PR00413,P0023,Professionals,Hyderabad,10,136,173,27.21,70063.44,22064.59,Email
PR00414,P0027,Premium Customers,Delhi,20,110,156,41.82,74705.28,17596.8,In-Store
PR00415,P0094,Families,Pune,25,171,275,60.82,218255.81,48297.56,Email
PR00416,P0028,Students,Kolkata,20,116,185,59.48,92224.72,-1897.73,Email
PR00417,P0095,Families,Delhi,20,72,107,48.61,29674.95,-1688.89,In-Store
PR00418,P0052,Professionals,Chennai,15,152,193,26.97,42050.94,4105.21,In-Store
PR00419,P0081,Students,Delhi,25,127,232,82.68,381872.58,93758.74,In-Store
PR00420,P0085,Students,Hyderabad,25,111,186,67.57,81760.95,-7719.93,Social Media
PR00421,P0036,Premium Customers,Chennai,10,96,102,6.25,43273.6,8403.88,Social Media
PR00422,P0039,Premium Customers,Bengaluru,20,113,179,58.41,102492.54,25656.79,SMS
PR00423,P0073,Families,Bengaluru,20,162,228,40.74,52367.04,15816.36,Email
PR00424,P0045,Students,Chennai,15,125,150,20.0,20691.97,6554.47,Social Media
PR00425,P0093,Students,Kolkata,30,165,289,75.15,114772.88,11683.69,In-Store
PR00426,P0091,Students,Ahmedabad,20,70,117,67.14,26195.83,75.58,Email
PR00427,P0019,Professionals,Ahmedabad,30,138,247,78.99,30079.41,5544.9,In-Store
PR00428,P0049,Professionals,Delhi,5,179,188,5.03,24462.84,2310.8,Email
PR00429,P0020,Premium Customers,Ahmedabad,30,142,292,105.63,220674.33,-14227.99,SMS
PR00430,P0059,Professionals,Delhi,20,112,171,52.68,35187.7,7099.24,In-Store
PR00431,P0077,Families,Hyderabad,20,59,91,54.24,115976.95,33960.47,SMS
PR00432,P0050,Professionals,Kolkata,10,110,159,44.55,162136.59,30430.53,App
PR00433,P0047,Families,Mumbai,30,164,294,79.27,148283.02,-30236.72,Social Media
PR00434,P0098,Families,Bengaluru,30,171,300,75.44,221321.1,-22743.9,SMS
PR00435,P0056,Premium Customers,Bengaluru,20,80,115,43.75,49120.64,3760.04,In-Store
PR00436,P0006,Students,Delhi,30,104,188,80.77,44390.0,1845.6,Social Media
PR00437,P0033,Premium Customers,Delhi,20,94,139,47.87,30752.36,777.01,In-Store
PR00438,P0046,Students,Delhi,25,143,242,69.23,103269.87,-1228.15,Social Media
PR00439,P0032,Premium Customers,Kolkata,15,71,91,28.17,73377.3,9998.53,SMS
PR00440,P0011,Students,Mumbai,20,62,88,41.94,26856.9,6374.02,In-Store
PR00441,P0087,Professionals,Bengaluru,30,129,253,96.12,60463.71,11844.7,Email
PR00442,P0040,Students,Pune,5,147,173,17.69,120217.09,14773.59,In-Store
PR00443,P0085,Premium Customers,Chennai,5,110,122,10.91,67928.99,9237.23,App
PR00444,P0041,Premium Customers,Kolkata,25,72,115,59.72,80266.84,9091.04,SMS
PR00445,P0082,Premium Customers,Delhi,15,162,195,20.37,58466.66,14712.56,SMS
PR00446,P0044,Families,Pune,5,107,133,24.3,50423.76,9671.23,SMS
PR00447,P0074,Families,Delhi,30,144,246,70.83,79454.8,-8763.26,Social Media
PR00448,P0039,Premium Customers,Ahmedabad,15,45,57,26.67,34677.12,10209.87,In-Store
PR00449,P0042,Students,Mumbai,30,166,284,71.08,151865.31,4855.55,Social Media
PR00450,P0088,Professionals,Delhi,10,119,157,31.93,29095.08,4318.91,App
PR00451,P0078,Families,Pune,30,110,189,71.82,47841.0,7542.42,Social Media
PR00452,P0081,Premium Customers,Bengaluru,30,75,143,90.67,219686.47,42099.06,App
PR00453,P0036,Students,Delhi,15,32,43,34.38,17229.3,2529.32,In-Store
PR00454,P0070,Families,Delhi,30,66,117,77.27,55178.49,-71.25,Email
PR00455,P0010,Professionals,Ahmedabad,5,116,127,9.48,132071.94,24262.91,Social Media
PR00456,P0012,Students,Ahmedabad,20,74,112,51.35,19907.33,4512.93,App
PR00457,P0089,Families,Ahmedabad,10,66,81,22.73,15320.66,3171.47,App
PR00458,P0004,Premium Customers,Hyderabad,20,124,196,58.06,87947.55,20829.31,In-Store
PR00459,P0100,Families,Kolkata,10,99,121,22.22,54114.59,14081.74,In-Store
PR00460,P0021,Professionals,Delhi,5,145,152,4.83,90761.18,11450.62,Social Media
PR00461,P0012,Families,Kolkata,15,79,112,41.77,21151.54,5757.14,Email
PR00462,P0080,Students,Ahmedabad,20,142,231,62.68,60542.33,-143.68,SMS
PR00463,P0034,Professionals,Pune,25,73,116,58.9,24459.18,-4214.86,SMS
PR00464,P0033,Families,Mumbai,20,135,194,43.7,42920.56,1084.46,App
PR00465,P0014,Students,Mumbai,20,34,49,44.12,36334.48,-3051.72,SMS
PR00466,P0059,Students,Pune,10,72,94,30.56,21760.81,6320.37,SMS
PR00467,P0069,Premium Customers,Ahmedabad,5,140,163,16.43,19206.05,2563.75,Social Media
PR00468,P0025,Premium Customers,Pune,25,116,175,50.86,24311.44,-3602.81,Email
PR00469,P0070,Premium Customers,Pune,20,110,160,45.45,86237.44,10682.24,Email
PR00470,P0093,Professionals,Ahmedabad,5,40,50,25.0,26948.65,9113.15,App
PR00471,P0087,Professionals,Delhi,25,56,88,57.14,22533.06,5622.1,SMS
PR00472,P0080,Students,Ahmedabad,20,38,52,36.84,13628.58,-32.34,Email
PR00473,P0091,Students,Hyderabad,25,157,253,61.15,53105.33,-3376.92,Email
PR00474,P0056,Premium Customers,Delhi,25,93,146,56.99,58464.24,876.0,In-Store
PR00475,P0033,Students,Bengaluru,20,125,193,54.4,42699.32,1078.87,App
PR00476,P0087,Families,Hyderabad,20,97,131,35.05,35779.77,10605.5,Email
PR00477,P0084,Professionals,Hyderabad,30,43,81,88.37,30070.28,-4910.38,SMS
PR00478,P0052,Families,Mumbai,10,62,59,-4.84,13611.12,2011.13,App
PR00479,P0007,Students,Hyderabad,20,82,127,54.88,53258.72,3628.39,In-Store
PR00480,P0076,Students,Ahmedabad,25,161,295,83.23,87004.35,-1233.1,Social Media
PR00481,P0063,Premium Customers,Pune,20,43,64,48.84,7251.97,1010.69,Email
PR00482,P0063,Families,Pune,25,38,65,71.05,6904.95,566.15,In-Store
PR00483,P0068,Professionals,Mumbai,10,146,165,13.01,51069.15,19288.5,App
PR00484,P0018,Students,Pune,25,73,114,56.16,65598.17,-5314.39,SMS
PR00485,P0092,Professionals,Mumbai,15,113,148,30.97,42496.5,12892.06,In-Store
PR00486,P0043,Professionals,Hyderabad,20,141,204,44.68,47159.9,-3250.54,App
PR00487,P0023,Professionals,Delhi,5,71,82,15.49,35054.22,12303.32,SMS
PR00488,P0085,Families,Chennai,25,70,104,48.57,45715.8,-4316.52,In-Store
PR00489,P0001,Families,Delhi,20,176,279,58.52,163293.12,10825.2,Social Media
PR00490,P0093,Professionals,Delhi,10,73,90,23.29,45954.54,13850.64,Social Media
PR00491,P0066,Professionals,Kolkata,30,83,137,65.06,95765.74,3564.74,App
PR00492,P0006,Students,Pune,20,58,71,22.41,19159.21,3091.91,App
PR00493,P0064,Families,Delhi,25,98,156,59.18,81160.56,18729.36,Email
PR00494,P0038,Professionals,Pune,30,68,118,73.53,46475.72,-345.5,In-Store
PR00495,P0029,Families,Ahmedabad,5,145,158,8.97,62710.28,17100.42,App
PR00496,P0008,Students,Kolkata,15,120,165,37.5,25866.31,7417.66,App
PR00497,P0069,Students,Pune,5,84,92,9.52,10840.22,1447.02,Social Media
PR00498,P0038,Professionals,Delhi,5,167,193,15.57,103163.71,26583.24,In-Store
PR00499,P0082,Students,Kolkata,25,150,242,61.33,64022.31,9722.35,App
PR00500,P0023,Students,Hyderabad,30,128,221,72.66,69613.45,8297.0,App
PR00501,P0001,Students,Delhi,20,58,94,62.07,55016.32,3647.2,App
PR00502,P0003,Families,Pune,25,73,122,67.12,32634.39,-1664.69,App
PR00503,P0092,Premium Customers,Chennai,15,68,106,55.88,30436.68,9233.5,Email
PR00504,P0063,Students,Delhi,25,140,228,62.86,24220.44,1985.88,App
PR00505,P0087,Students,Kolkata,5,64,76,18.75,24649.8,10044.88,SMS
PR00506,P0020,Professionals,Kolkata,20,177,249,40.68,215060.3,14749.76,In-Store
PR00507,P0013,Students,Kolkata,10,120,135,12.5,70796.84,3601.94,SMS
PR00508,P0035,Premium Customers,Bengaluru,10,81,96,18.52,31708.8,8319.36,Social Media
PR00509,P0009,Premium Customers,Kolkata,15,51,72,41.18,7405.81,2568.13,Email
PR00510,P0023,Premium Customers,Delhi,25,174,296,70.11,99897.78,17772.58,Social Media
PR00511,P0023,Students,Delhi,5,135,159,17.78,67970.99,23856.44,Email
PR00512,P0035,Families,Kolkata,20,164,245,49.39,71932.0,12240.2,Social Media
PR00513,P0057,Premium Customers,Delhi,25,44,65,47.73,20845.5,5417.1,Email
PR00514,P0047,Families,Ahmedabad,5,43,50,16.28,34224.7,3864.2,In-Store
PR00515,P0002,Premium Customers,Hyderabad,5,176,210,19.32,64835.5,16955.5,Social Media
PR00516,P0092,Students,Ahmedabad,30,143,257,79.72,60772.02,9364.31,In-Store
PR00517,P0099,Premium Customers,Delhi,10,169,216,27.81,59583.6,11165.04,SMS
PR00518,P0058,Families,Kolkata,25,104,171,64.42,105703.65,1569.78,App
PR00519,P0070,Professionals,Kolkata,5,87,101,16.09,64644.39,16950.17,Email
PR00520,P0009,Students,Bengaluru,5,105,99,-5.71,11380.99,4729.18,In-Store
PR00521,P0088,Premium Customers,Pune,5,123,132,7.32,25821.11,4990.19,SMS
PR00522,P0023,Families,Hyderabad,5,159,185,16.35,79085.74,27757.49,App
PR00523,P0008,Students,Mumbai,5,148,193,30.41,33815.24,12235.91,Email
PR00524,P0078,Premium Customers,Delhi,30,31,52,67.74,13162.6,2075.16,In-Store
PR00525,P0035,Premium Customers,Kolkata,5,151,187,23.84,65197.55,19636.87,SMS
PR00526,P0015,Premium Customers,Ahmedabad,25,164,251,53.05,484514.08,-76576.34,Social Media
PR00527,P0056,Professionals,Mumbai,30,82,159,93.9,59425.3,-3290.66,Email
PR00528,P0034,Students,Chennai,5,88,99,12.5,26441.22,1969.41,Email
PR00529,P0003,Professionals,Pune,10,150,176,17.33,56494.94,7014.3,Social Media
PR00530,P0062,Students,Ahmedabad,5,62,66,6.45,82925.14,10469.68,SMS
PR00531,P0025,Professionals,Mumbai,5,128,169,32.03,29738.68,2781.49,SMS
PR00532,P0075,Professionals,Delhi,5,35,43,22.86,6907.33,2683.01,SMS
PR00533,P0082,Professionals,Ahmedabad,20,44,61,38.64,17213.71,3526.53,App
PR00534,P0063,Families,Bengaluru,10,145,162,11.72,20651.11,4852.87,App
PR00535,P0065,Professionals,Bengaluru,10,46,55,19.57,62830.84,6100.54,App
PR00536,P0015,Premium Customers,Mumbai,30,85,145,70.59,261238.67,-62897.23,Email
PR00537,P0087,Premium Customers,Chennai,25,84,142,69.05,36360.16,9072.03,App
PR00538,P0030,Professionals,Chennai,25,164,258,57.32,74787.75,19715.07,In-Store
PR00539,P0041,Families,Hyderabad,5,135,168,24.44,148528.55,44549.99,Email
PR00540,P0033,Families,Kolkata,15,150,206,37.33,48423.9,4000.0,SMS
PR00541,P0030,Professionals,Ahmedabad,30,165,287,73.94,77647.85,16384.83,App
PR00542,P0009,Students,Hyderabad,25,48,74,54.17,6716.06,1744.0,Social Media
PR00543,P0069,Premium Customers,Bengaluru,30,132,227,71.97,19708.37,-3468.33,Email
PR00544,P0035,Professionals,Kolkata,25,144,230,59.72,63307.5,7270.3,In-Store
PR00545,P0094,Students,Kolkata,20,64,105,64.06,88889.64,23996.49,App
PR00546,P0075,Professionals,Mumbai,5,79,82,3.8,13172.11,5116.43,Email
PR00547,P0048,Professionals,Pune,20,52,80,53.85,39394.56,-2893.44,SMS
PR00548,P0065,Premium Customers,Bengaluru,20,120,184,53.33,186842.43,-2946.21,Social Media
PR00549,P0089,Students,Mumbai,5,120,136,13.33,27152.67,6754.03,Email
PR00550,P0053,Students,Mumbai,10,58,72,24.14,12419.57,3719.09,App
PR00551,P0033,Families,Pune,15,40,48,20.0,11283.24,932.04,SMS
PR00552,P0029,Premium Customers,Pune,10,172,188,9.3,70690.07,16420.11,In-Store
PR00553,P0077,Premium Customers,Mumbai,25,124,193,55.65,230599.78,56652.74,SMS
PR00554,P0050,Professionals,Hyderabad,5,123,152,23.58,163609.53,37701.85,In-Store
PR00555,P0065,Families,Ahmedabad,30,144,252,75.0,223906.28,-36021.64,SMS
PR00556,P0064,Families,Pune,25,114,194,70.18,100930.44,23291.64,In-Store
PR00557,P0014,Professionals,Chennai,10,124,157,26.61,130970.97,4774.37,Email
PR00558,P0001,Students,Kolkata,30,112,199,77.68,101911.88,-6837.64,Email
PR00559,P0066,Students,Chennai,10,96,128,33.33,115038.72,28894.72,Social Media
PR00560,P0048,Professionals,Delhi,30,155,263,69.68,113320.91,-25700.89,App
PR00561,P0050,Families,Ahmedabad,30,47,81,72.34,64242.8,-2852.74,In-Store
PR00562,P0077,Professionals,Mumbai,5,148,172,16.22,260310.91,105290.75,SMS
PR00563,P0085,Students,Ahmedabad,20,142,228,60.56,106904.64,-2781.6,Email
PR00564,P0007,Families,Mumbai,20,174,268,54.02,112388.48,7656.76,In-Store
PR00565,P0048,Families,Chennai,25,177,301,70.06,138958.15,-20150.45,App
PR00566,P0098,Families,Pune,30,102,169,65.69,124677.55,-12812.4,Social Media
PR00567,P0036,Premium Customers,Kolkata,25,130,209,60.77,73890.38,2441.64,In-Store
PR00568,P0022,Professionals,Mumbai,15,35,50,42.86,20077.0,5090.0,App
PR00569,P0017,Professionals,Pune,10,51,65,27.45,18211.05,7045.35,Social Media
PR00570,P0011,Premium Customers,Chennai,20,64,93,45.31,28382.86,6736.18,In-Store
PR00571,P0042,Families,Chennai,20,100,140,40.0,85557.92,13088.32,SMS
PR00572,P0041,Professionals,Kolkata,5,110,120,9.09,106091.82,31821.42,Email
PR00573,P0032,Professionals,Kolkata,15,69,88,27.54,70958.27,9668.91,Social Media
PR00574,P0025,Families,Pune,20,124,168,35.48,24894.91,-1902.77,Email
PR00575,P0050,Premium Customers,Bengaluru,25,78,136,74.36,115569.06,2914.82,App
PR00576,P0010,Families,Bengaluru,10,74,83,12.16,81771.85,11313.98,Social Media
PR00577,P0005,Students,Ahmedabad,25,84,131,55.95,14686.41,-37.99,Social Media
PR00578,P0018,Professionals,Kolkata,25,165,244,47.88,140403.09,-11374.67,In-Store
PR00579,P0084,Professionals,Pune,20,37,53,43.24,22486.42,-402.16,In-Store
PR00580,P0058,Students,Mumbai,25,138,225,63.04,139083.75,2065.5,SMS
PR00581,P0069,Families,Kolkata,30,123,201,63.41,17451.02,-3071.08,In-Store
PR00582,P0003,Premium Customers,Delhi,20,87,123,41.38,35095.34,515.12,App
PR00583,P0026,Professionals,Ahmedabad,20,47,70,48.94,31990.56,-2271.64,SMS
PR00584,P0045,Families,Delhi,10,38,48,26.32,7010.93,2486.93,SMS
PR00585,P0068,Students,Kolkata,10,48,54,12.5,16713.54,6312.6,SMS
PR00586,P0094,Families,Hyderabad,15,122,153,25.41,137620.21,43061.62,SMS
PR00587,P0075,Premium Customers,Pune,20,161,237,47.2,32059.46,8776.58,Email
PR00588,P0039,Families,Hyderabad,20,120,179,49.17,102492.54,25656.79,Social Media
PR00589,P0097,Professionals,Bengaluru,5,143,155,8.39,280789.55,74487.65,App
PR00590,P0011,Families,Pune,30,72,125,73.61,33380.38,4285.38,SMS
PR00591,P0026,Professionals,Ahmedabad,25,119,184,54.62,78833.88,-11226.76,Email
PR00592,P0099,Professionals,Bengaluru,20,124,196,58.06,48059.2,4123.84,SMS
PR00593,P0058,Premium Customers,Chennai,30,103,169,64.08,97502.86,-5413.07,SMS
PR00594,P0010,Professionals,Bengaluru,20,57,87,52.63,76189.03,2335.6,Social Media
PR00595,P0070,Students,Ahmedabad,30,168,289,72.02,136295.58,-176.0,App
PR00596,P0072,Students,Pune,15,39,58,48.72,14691.89,3343.03,SMS
PR00597,P0020,Professionals,Mumbai,20,68,99,45.59,85505.9,5864.36,Social Media
PR00598,P0073,Students,Chennai,15,54,82,51.85,20010.87,6865.45,In-Store
PR00599,P0003,Professionals,Chennai,20,143,207,44.76,59062.9,866.92,In-Store
PR00600,P0016,Families,Kolkata,10,58,78,34.48,74283.53,20818.43,Email
PR00601,P0006,Students,Delhi,15,38,55,44.74,15769.24,3322.74,SMS
PR00602,P0064,Premium Customers,Mumbai,5,113,132,16.81,86987.47,34161.07,In-Store
PR00603,P0035,Professionals,Hyderabad,25,172,289,68.02,79547.25,9135.29,SMS
PR00604,P0035,Families,Bengaluru,15,146,204,39.73,63637.8,13935.24,In-Store
PR00605,P0008,Students,Kolkata,10,170,229,34.71,38011.02,12406.53,In-Store
PR00606,P0059,Students,Kolkata,20,81,119,46.91,24487.34,4940.4,In-Store
PR00607,P0077,Families,Chennai,25,40,57,42.5,68104.6,16731.64,In-Store
PR00608,P0011,Students,Mumbai,25,170,280,64.71,80112.9,14940.1,Email
PR00609,P0088,Professionals,Chennai,25,136,219,61.03,33820.72,-739.67,In-Store
PR00610,P0006,Families,Pune,30,108,173,60.19,40848.24,1698.34,In-Store
PR00611,P0095,Families,Chennai,25,151,256,69.54,66560.64,-8478.08,Email
PR00612,P0076,Students,Pune,15,106,147,38.68,49135.34,5166.17,SMS
PR00613,P0038,Professionals,Bengaluru,5,78,100,28.21,53452.7,13773.7,Email
PR00614,P0026,Professionals,Mumbai,20,164,285,73.78,130247.28,-9248.82,App
PR00615,P0026,Premium Customers,Mumbai,15,119,172,44.54,83518.21,-668.91,Social Media
PR00616,P0099,Students,Ahmedabad,15,126,189,50.0,49239.22,6872.98,App
PR00617,P0098,Professionals,Bengaluru,25,61,91,49.18,71929.36,-2103.69,Social Media
PR00618,P0067,Families,Mumbai,15,41,59,43.9,24388.95,3469.91,Social Media
PR00619,P0027,Professionals,Kolkata,10,67,72,7.46,38789.28,12431.52,Email
PR00620,P0027,Professionals,Bengaluru,30,136,237,74.26,99307.74,12546.78,Social Media
PR00621,P0093,Professionals,Pune,25,148,231,56.08,98291.66,15891.65,Social Media
PR00622,P0059,Students,Pune,25,61,96,57.38,18519.84,2750.88,Social Media
PR00623,P0070,Premium Customers,Mumbai,15,66,78,18.18,44668.3,7835.14,SMS
PR00624,P0016,Professionals,Pune,20,71,109,53.52,92272.42,17558.37,In-Store
PR00625,P0033,Premium Customers,Bengaluru,30,110,201,82.73,38910.58,-4435.06,Email
PR00626,P0029,Professionals,Mumbai,30,143,288,101.4,84226.46,1089.5,SMS
PR00627,P0091,Premium Customers,Mumbai,25,81,132,62.96,27707.13,-1761.87,SMS
PR00628,P0061,Premium Customers,Delhi,30,101,188,86.14,29465.24,2784.28,Social Media
PR00629,P0002,Premium Customers,Pune,10,131,181,38.17,52940.87,11672.87,App
PR00630,P0087,Professionals,Chennai,25,121,213,76.03,54540.25,13608.04,In-Store
PR00631,P0001,Families,Delhi,10,109,150,37.61,98766.0,16794.0,SMS
PR00632,P0085,Families,Pune,15,46,52,13.04,25905.62,889.46,In-Store
PR00633,P0049,Premium Customers,Pune,20,160,238,48.75,26079.09,-1964.45,In-Store
PR00634,P0006,Professionals,Mumbai,30,51,90,76.47,21250.53,883.53,Email
PR00635,P0076,Premium Customers,Pune,25,142,222,56.34,65474.46,-927.96,App
PR00636,P0009,Students,Mumbai,5,118,138,16.95,15864.41,6592.19,Social Media
PR00637,P0004,Families,Delhi,20,73,112,53.42,50255.74,11902.46,Email
PR00638,P0070,Students,Kolkata,25,161,261,62.11,131882.65,8633.23,Email
PR00639,P0072,Premium Customers,Pune,30,35,60,71.43,12516.42,776.22,SMS
PR00640,P0094,Premium Customers,Kolkata,25,98,145,47.96,115080.34,25465.99,SMS
PR00641,P0020,Families,Bengaluru,20,141,226,60.28,195195.3,13387.34,Email
PR00642,P0096,Students,Mumbai,15,131,189,44.27,156097.18,225.1,SMS
PR00643,P0003,Students,Mumbai,10,37,42,13.51,13481.75,1673.87,App
PR00644,P0054,Families,Ahmedabad,10,169,232,37.28,60823.44,3758.4,Social Media
PR00645,P0009,Premium Customers,Ahmedabad,25,91,121,32.97,10981.66,2851.67,SMS
PR00646,P0005,Families,Pune,5,148,133,-10.14,18886.8,3937.6,In-Store
PR00647,P0040,Families,Ahmedabad,30,105,194,84.76,99333.63,-18909.37,App
PR00648,P0013,Premium Customers,Bengaluru,25,161,249,54.66,108817.36,-15119.9,Email
PR00649,P0011,Families,Bengaluru,20,115,163,41.74,49746.3,11806.42,In-Store
PR00650,P0038,Professionals,Hyderabad,30,161,282,75.16,111069.08,-825.7,SMS
PR00651,P0054,Families,Kolkata,25,50,72,44.0,15730.2,-1979.64,SMS
PR00652,P0098,Families,Mumbai,10,139,169,21.58,160299.71,22809.76,In-Store
PR00653,P0082,Students,Ahmedabad,25,136,254,86.76,67196.97,10204.45,SMS
PR00654,P0016,Students,Hyderabad,5,165,182,10.3,182957.59,58205.69,In-Store
PR00655,P0069,Professionals,Delhi,20,57,93,63.16,9227.83,-267.47,In-Store
PR00656,P0094,Families,Kolkata,10,102,122,19.61,116191.46,40791.8,SMS
PR00657,P0100,Professionals,Bengaluru,25,64,94,46.88,35032.86,3932.96,SMS
PR00658,P0075,Professionals,Bengaluru,20,86,120,39.53,16232.64,4443.84,SMS
PR00659,P0043,Professionals,Hyderabad,15,111,164,47.75,40282.42,-243.62,In-Store
PR00660,P0087,Students,Mumbai,5,132,168,27.27,54489.04,22204.48,In-Store
PR00661,P0057,Families,Hyderabad,20,71,108,52.11,36944.64,11309.76,Email
PR00662,P0100,Professionals,Hyderabad,5,141,164,16.31,77420.14,23160.74,Social Media
PR00663,P0052,Professionals,Chennai,20,71,96,35.21,19686.14,811.58,App
PR00664,P0039,Students,Kolkata,10,175,230,31.43,148156.11,49428.61,Email
PR00665,P0030,Professionals,Bengaluru,15,74,103,39.19,33838.07,11851.69,Social Media
PR00666,P0005,Professionals,Pune,15,36,51,41.67,6479.96,747.56,Social Media
PR00667,P0027,Students,Bengaluru,5,168,201,19.64,114302.67,40720.59,Email
PR00668,P0050,Students,Ahmedabad,10,176,214,21.59,218221.58,40956.82,Social Media
PR00669,P0038,Premium Customers,Kolkata,30,114,201,76.32,79166.26,-588.53,In-Store
PR00670,P0034,Students,Kolkata,20,92,138,50.0,31037.86,-3074.36,Email
PR00671,P0021,Students,Ahmedabad,5,106,121,14.15,72250.67,9115.29,Email
PR00672,P0027,Students,Ahmedabad,30,152,244,60.53,102240.88,12917.36,In-Store
PR00673,P0030,Families,Pune,20,103,150,45.63,46380.0,14361.0,Social Media
PR00674,P0096,Students,Bengaluru,25,108,184,70.37,134089.08,-17659.4,SMS
PR00675,P0068,Premium Customers,Hyderabad,15,64,91,42.19,26600.66,9073.15,SMS
PR00676,P0100,Families,Bengaluru,10,33,36,9.09,16100.21,4189.61,In-Store
PR00677,P0085,Students,Bengaluru,20,142,190,33.8,89087.2,-2318.0,Social Media
PR00678,P0055,Professionals,Chennai,20,162,256,58.02,694353.92,75919.36,Email
PR00679,P0039,Families,Kolkata,10,69,77,11.59,49600.09,16547.84,SMS
PR00680,P0064,Families,Bengaluru,15,72,97,34.72,57193.92,18374.52,App
PR00681,P0059,Premium Customers,Bengaluru,30,128,219,71.09,39431.83,3458.89,Email
PR00682,P0065,Families,Pune,25,155,251,61.94,238947.61,-19948.85,Email
PR00683,P0024,Families,Delhi,10,35,40,14.29,9156.6,1225.8,Social Media
PR00684,P0062,Families,Ahmedabad,25,65,105,61.54,104152.39,-11117.66,Social Media
PR00685,P0089,Premium Customers,Chennai,20,130,203,56.15,34129.98,3682.01,SMS
PR00686,P0081,Professionals,Chennai,10,156,217,39.1,428619.05,159133.26,Social Media
PR00687,P0039,Families,Chennai,5,46,45,-2.17,30597.46,11281.21,App
PR00688,P0093,Professionals,Pune,15,95,135,42.11,65102.27,16946.42,Social Media
PR00689,P0093,Students,Pune,20,136,188,38.24,85327.94,18266.46,In-Store
PR00690,P0045,Students,Ahmedabad,15,168,266,58.33,36693.77,11623.27,Social Media
PR00691,P0049,Professionals,Bengaluru,20,42,65,54.76,7122.44,-536.51,Email
PR00692,P0100,Premium Customers,Pune,20,98,143,45.92,56847.65,9536.1,Email
PR00693,P0056,Families,Kolkata,25,139,195,40.29,78085.8,1170.0,Social Media
PR00694,P0027,Families,Kolkata,25,133,214,60.9,96075.3,17734.18,SMS
PR00695,P0008,Students,Hyderabad,5,144,146,1.39,25580.44,9256.18,In-Store
PR00696,P0063,Students,Mumbai,25,148,231,56.08,24539.13,2012.01,App
PR00697,P0016,Students,Mumbai,30,138,263,90.58,194809.1,14535.75,App
PR00698,P0026,Students,Ahmedabad,30,34,62,82.35,24792.68,-5553.84,Social Media
PR00699,P0071,Professionals,Ahmedabad,5,87,107,22.99,162881.93,60753.64,SMS
PR00700,P0081,Families,Pune,15,123,188,52.85,350708.27,117236.71,SMS
PR00701,P0011,Premium Customers,Hyderabad,10,115,139,20.87,47724.4,15370.76,In-Store
PR00702,P0019,Premium Customers,Delhi,10,175,211,20.57,33036.9,12078.27,In-Store
PR00703,P0079,Premium Customers,Hyderabad,25,111,169,52.25,52071.44,-8555.62,SMS
PR00704,P0047,Premium Customers,Bengaluru,15,175,236,34.86,144536.31,1234.75,SMS
PR00705,P0085,Students,Ahmedabad,5,158,192,21.52,106904.64,14537.28,App
PR00706,P0019,Professionals,Chennai,10,143,198,38.46,31001.45,11334.11,Email
PR00707,P0048,Families,Chennai,20,57,83,45.61,40871.86,-3001.94,In-Store
PR00708,P0005,Professionals,Pune,25,54,89,64.81,9977.79,-25.81,App
PR00709,P0097,Premium Customers,Hyderabad,15,154,200,29.87,324171.3,57975.3,In-Store
PR00710,P0097,Professionals,Bengaluru,30,162,303,87.04,404451.37,1164.43,SMS
PR00711,P0015,Professionals,Bengaluru,20,173,250,44.51,514756.0,-44099.0,In-Store
PR00712,P0059,Premium Customers,Kolkata,10,70,77,10.0,17825.35,5177.33,App
PR00713,P0040,Students,Hyderabad,30,87,165,89.66,84484.78,-16082.72,SMS
PR00714,P0087,Professionals,Kolkata,10,71,83,16.9,25503.33,9553.22,In-Store
PR00715,P0018,Families,Pune,20,147,214,45.58,131349.78,-1766.78,In-Store
PR00716,P0060,Professionals,Hyderabad,20,102,143,40.2,37665.06,5638.78,Social Media
PR00717,P0094,Families,Mumbai,10,48,59,22.92,56190.95,19727.18,SMS
PR00718,P0085,Students,Chennai,10,85,123,44.71,64881.27,5708.43,Social Media
PR00719,P0026,Professionals,Bengaluru,5,83,84,1.2,45586.55,4471.91,Social Media
PR00720,P0076,Students,Kolkata,30,57,105,84.21,28903.14,-2503.41,App
PR00721,P0053,Students,Bengaluru,20,97,162,67.01,24839.14,5263.06,Social Media
PR00722,P0012,Professionals,Hyderabad,25,163,276,69.33,45991.26,8055.06,Social Media
PR00723,P0005,Professionals,Pune,10,111,136,22.52,18296.35,3009.95,SMS
PR00724,P0075,Students,Pune,15,98,129,31.63,18540.72,5867.76,Email
PR00725,P0048,Families,Bengaluru,5,39,43,10.26,25144.81,2415.01,SMS
PR00726,P0006,Premium Customers,Pune,30,124,210,69.35,49584.57,2061.57,App
PR00727,P0062,Professionals,Delhi,30,164,308,87.8,285146.09,-52979.39,App
PR00728,P0077,Premium Customers,Chennai,30,164,280,70.73,312245.64,59887.24,Social Media
PR00729,P0011,Families,Kolkata,5,132,150,13.64,54362.32,19448.33,App
PR00730,P0024,Professionals,Mumbai,15,151,201,33.11,43455.7,3603.43,Email
PR00731,P0044,Students,Ahmedabad,10,85,102,20.0,36635.54,5381.72,In-Store
PR00732,P0074,Students,Kolkata,20,118,187,58.47,69026.94,1966.87,In-Store
PR00733,P0042,Students,Kolkata,10,147,182,23.81,125128.46,30917.98,In-Store
PR00734,P0090,Premium Customers,Kolkata,25,153,240,56.86,50529.6,-7348.8,SMS
PR00735,P0030,Families,Ahmedabad,15,67,101,50.75,33181.02,11621.56,In-Store
PR00736,P0038,Families,Kolkata,10,163,179,9.82,90644.53,19619.12,Social Media
PR00737,P0100,Families,Delhi,10,62,75,20.97,33542.1,8728.35,App
PR00738,P0070,Premium Customers,Hyderabad,25,113,171,51.33,86405.87,5656.25,SMS
PR00739,P0030,Students,Pune,15,134,199,48.51,65376.48,22897.93,App
PR00740,P0064,Professionals,Pune,20,164,259,57.93,143730.5,40078.7,In-Store
PR00741,P0047,Premium Customers,Kolkata,30,65,120,84.62,60523.68,-12341.52,App
PR00742,P0002,Families,Delhi,30,106,160,50.94,36398.88,-81.12,Social Media
PR00743,P0049,Professionals,Mumbai,30,34,58,70.59,5560.98,-1273.16,In-Store
PR00744,P0078,Students,Pune,25,83,127,53.01,34443.35,7364.41,App
PR00745,P0078,Premium Customers,Hyderabad,30,109,181,66.06,45815.99,7223.17,In-Store
PR00746,P0010,Families,Delhi,25,80,120,50.0,98520.3,-3346.5,Email
PR00747,P0022,Families,Mumbai,30,145,232,60.0,76717.76,7178.08,App
PR00748,P0071,Families,Bengaluru,25,101,161,59.41,193487.38,39817.72,Social Media
PR00749,P0090,Premium Customers,Ahmedabad,30,158,263,66.46,51680.55,-11744.53,App
PR00750,P0015,Professionals,Ahmedabad,15,111,136,22.52,297528.97,-6488.15,App
PR00751,P0004,Professionals,Delhi,5,30,29,-3.33,15452.52,5521.76,Social Media
PR00752,P0009,Families,Hyderabad,20,46,67,45.65,6486.14,1984.41,SMS
PR00753,P0020,Premium Customers,Delhi,20,110,155,40.91,133872.88,9181.58,SMS
PR00754,P0040,Premium Customers,Pune,5,31,36,16.13,25016.27,3074.27,Social Media
PR00755,P0015,Premium Customers,Bengaluru,10,60,80,33.33,185312.16,6478.56,In-Store
PR00756,P0087,Families,Bengaluru,25,125,191,52.8,48906.98,12202.51,In-Store
PR00757,P0028,Students,Delhi,5,142,178,25.35,105372.97,14811.91,Email
PR00758,P0010,Premium Customers,Bengaluru,15,81,101,24.69,93977.42,8239.53,Social Media
PR00759,P0001,Professionals,Kolkata,10,153,204,33.33,134321.76,22839.84,App
PR00760,P0089,Students,Hyderabad,30,70,119,70.0,17506.33,-342.48,Email
PR00761,P0071,Professionals,Chennai,15,53,73,37.74,99427.68,29751.37,Social Media
PR00762,P0040,Students,Chennai,15,97,130,34.02,80827.44,1592.44,SMS
PR00763,P0031,Students,Bengaluru,25,72,119,65.28,20715.82,3298.98,SMS
PR00764,P0099,Premium Customers,Kolkata,10,58,66,13.79,18206.1,3411.54,Social Media
PR00765,P0053,Students,Hyderabad,5,169,173,2.37,31499.32,10594.0,Social Media
PR00766,P0056,Families,Kolkata,30,82,137,67.07,51202.93,-2835.35,Email
PR00767,P0084,Students,Bengaluru,25,34,47,38.24,18694.48,-1602.94,Social Media
PR00768,P0036,Premium Customers,Pune,10,168,218,29.76,92486.72,17961.24,Social Media
PR00769,P0077,Premium Customers,Hyderabad,20,80,111,38.75,141466.39,41424.31,Email
PR00770,P0045,Professionals,Mumbai,15,57,71,24.56,9794.2,3102.45,Email
PR00771,P0029,Families,Bengaluru,30,77,135,75.32,39481.16,510.7,App
PR00772,P0080,Professionals,Chennai,5,32,33,3.12,10270.57,1601.14,Social Media
PR00773,P0070,Families,Mumbai,10,90,117,30.0,70943.77,15694.03,Email
PR00774,P0029,Professionals,Mumbai,5,102,116,13.73,46040.46,12554.74,Social Media
PR00775,P0094,Premium Customers,Delhi,5,36,43,19.44,43227.88,16652.59,Email
PR00776,P0008,Professionals,Kolkata,10,39,48,23.08,7967.38,2600.5,App
PR00777,P0079,Professionals,Delhi,10,96,114,18.75,42150.13,1253.77,In-Store
PR00778,P0089,Students,Chennai,20,82,125,52.44,21016.0,2267.25,App
PR00779,P0018,Students,Mumbai,20,150,236,57.33,144853.02,-1948.42,App
PR00780,P0002,Families,Pune,25,130,219,68.46,53379.61,3447.61,In-Store
PR00781,P0043,Premium Customers,Hyderabad,20,61,88,44.26,20343.49,-1402.19,Social Media
PR00782,P0012,Professionals,Chennai,15,92,135,46.74,25495.16,6939.41,SMS
PR00783,P0091,Families,Hyderabad,5,68,77,13.24,20472.49,3282.24,Email
PR00784,P0044,Premium Customers,Delhi,30,125,228,82.4,63693.17,-6168.31,App
PR00785,P0036,Premium Customers,Kolkata,25,136,228,67.65,80607.69,2663.61,In-Store
PR00786,P0016,Professionals,Kolkata,5,99,117,18.18,117615.6,37417.95,Social Media
PR00787,P0082,Premium Customers,Kolkata,20,175,253,44.57,71394.58,14626.44,App
PR00788,P0076,Professionals,Delhi,15,72,103,43.06,34428.16,3619.83,Email
PR00789,P0089,Professionals,Chennai,25,52,93,78.85,14658.66,709.59,Email
PR00790,P0044,Students,Chennai,30,66,109,65.15,30449.8,-2948.89,In-Store
PR00791,P0003,Professionals,Mumbai,10,122,153,25.41,49112.08,6097.66,Email
PR00792,P0018,Professionals,Hyderabad,30,169,285,68.64,153062.38,-24219.01,Social Media
PR00793,P0093,Premium Customers,Ahmedabad,10,95,124,30.53,63315.14,19083.1,SMS
PR00794,P0014,Professionals,Ahmedabad,5,93,95,2.15,83652.72,7291.72,Social Media
PR00795,P0009,Professionals,Ahmedabad,25,91,137,50.55,12433.78,3228.75,Email
PR00796,P0004,Students,Kolkata,10,130,155,19.23,78244.16,25165.96,Email
PR00797,P0004,Families,Delhi,15,159,230,44.65,109654.0,30892.79,Email
PR00798,P0032,Professionals,Bengaluru,30,48,80,66.67,53123.84,-2593.76,Social Media
PR00799,P0023,Students,Hyderabad,20,124,184,48.39,66238.53,15187.73,Email
PR00800,P0031,Families,Delhi,10,36,43,19.44,8982.66,2689.18,Email
PR00801,P0095,Professionals,Hyderabad,15,45,65,44.44,19153.52,100.72,Social Media
PR00802,P0094,Families,Bengaluru,10,135,155,14.81,147620.3,51825.64,In-Store
PR00803,P0039,Professionals,Pune,30,168,301,79.17,150804.31,21600.06,Social Media
PR00804,P0074,Premium Customers,Mumbai,15,121,167,38.02,65497.15,5609.28,App
PR00805,P0037,Students,Mumbai,10,139,185,33.09,48812.81,12365.96,Email
PR00806,P0091,Premium Customers,Delhi,15,134,205,52.99,48767.35,3001.1,Email
PR00807,P0067,Professionals,Ahmedabad,20,130,202,55.38,78589.31,6968.19,SMS
PR00808,P0027,Students,Mumbai,30,137,232,69.34,97212.64,12282.08,Social Media
PR00809,P0090,Students,Mumbai,20,124,200,61.29,44915.2,-3316.8,App
PR00810,P0077,Families,Hyderabad,5,148,147,-0.68,222475.02,89986.86,Email
PR00811,P0054,Families,Kolkata,20,175,278,58.86,64785.12,-3594.54,Social Media
PR00812,P0046,Professionals,Hyderabad,10,47,66,40.43,33797.41,5297.95,Social Media
PR00813,P0025,Students,Mumbai,15,136,186,36.76,29284.86,-384.0,Email
PR00814,P0030,Professionals,Mumbai,10,172,207,20.35,72004.95,27818.73,In-Store
PR00815,P0034,Students,Bengaluru,20,170,292,71.76,65674.3,-6505.18,In-Store
PR00816,P0013,Families,Chennai,5,52,59,13.46,32659.77,3293.11,Social Media
PR00817,P0032,Students,Delhi,5,34,38,11.76,34245.9,7780.04,SMS
PR00818,P0021,Families,Chennai,15,66,79,19.7,42206.46,985.84,SMS
PR00819,P0005,Students,Delhi,15,102,138,35.29,17534.0,2022.8,Email
PR00820,P0057,Students,Mumbai,30,46,82,78.26,24544.24,5080.72,SMS
PR00821,P0022,Students,Kolkata,5,161,174,8.07,78087.72,25932.96,Email
PR00822,P0100,Students,Ahmedabad,20,37,48,29.73,19081.73,3200.93,Email
PR00823,P0078,Families,Chennai,30,78,131,67.95,33159.64,5227.82,SMS
PR00824,P0052,Students,Delhi,20,71,104,46.48,21326.66,879.22,SMS
PR00825,P0025,Professionals,Delhi,30,74,124,67.57,16077.96,-3701.28,App
PR00826,P0030,Students,Ahmedabad,20,123,184,49.59,56892.8,17616.16,App
PR00827,P0005,Students,Pune,5,70,78,11.43,11076.47,2309.27,In-Store
PR00828,P0010,Professionals,Chennai,20,143,206,44.06,180401.62,5530.28,Email
PR00829,P0064,Families,Hyderabad,5,141,155,9.93,102144.38,40113.38,Email
PR00830,P0022,Professionals,Chennai,10,75,91,21.33,38689.56,11413.22,Social Media
PR00831,P0047,Families,Chennai,15,47,62,31.91,37971.4,324.38,In-Store
PR00832,P0015,Professionals,Hyderabad,20,75,111,48.0,228551.66,-19579.96,Social Media
PR00833,P0078,Families,Kolkata,20,39,57,46.15,16489.42,4335.88,SMS
PR00834,P0041,Families,Pune,10,165,203,23.03,170026.1,44385.34,Email
PR00835,P0002,Students,Pune,25,69,115,66.67,28030.39,1810.39,Social Media
PR00836,P0011,Professionals,Ahmedabad,30,46,73,58.7,19494.14,2502.66,Email
PR00837,P0067,Professionals,Hyderabad,25,145,249,71.72,90820.26,2534.82,Social Media
PR00838,P0091,Professionals,Delhi,20,39,62,58.97,13881.55,40.05,App
PR00839,P0074,Students,Ahmedabad,25,51,80,56.86,27684.6,-1004.2,SMS
PR00840,P0073,Families,Delhi,25,35,55,57.14,11842.88,3025.83,SMS
PR00841,P0076,Families,Kolkata,30,50,85,70.0,23397.78,-2026.57,Social Media
PR00842,P0046,Students,Delhi,5,141,164,16.31,88647.08,17830.24,Social Media
PR00843,P0067,Families,Mumbai,5,115,118,2.61,54516.47,12678.39,App
PR00844,P0090,Families,Mumbai,5,123,124,0.81,33068.82,3164.98,In-Store
PR00845,P0092,Professionals,Ahmedabad,30,171,283,65.5,66920.16,10311.67,SMS
PR00846,P0036,Families,Hyderabad,20,107,150,40.19,56566.8,5287.8,Social Media
PR00847,P0052,Students,Ahmedabad,15,103,150,45.63,32682.08,3190.57,Social Media
PR00848,P0016,Professionals,Hyderabad,15,90,112,24.44,100737.78,23967.38,In-Store
PR00849,P0002,Families,Hyderabad,10,131,170,29.77,49723.47,10963.47,Email
PR00850,P0025,Families,Hyderabad,15,95,123,29.47,19365.8,-253.93,Email
PR00851,P0055,Professionals,Mumbai,30,168,290,72.62,688251.2,-12319.2,App
PR00852,P0021,Families,Delhi,25,51,82,60.78,38655.21,-4130.75,In-Store
PR00853,P0050,Professionals,Kolkata,15,107,147,37.38,141572.1,19806.12,SMS
PR00854,P0006,Professionals,Hyderabad,15,42,52,23.81,14909.1,3141.5,App
PR00855,P0081,Families,Kolkata,10,162,194,19.75,383189.38,142266.6,Social Media
PR00856,P0029,Families,Ahmedabad,20,79,124,56.96,41444.77,5649.69,App
PR00857,P0057,Premium Customers,Ahmedabad,15,97,141,45.36,51247.86,17780.1,In-Store
PR00858,P0058,Premium Customers,Ahmedabad,25,135,235,74.07,145265.25,2157.3,Email
PR00859,P0002,Families,Chennai,20,37,53,43.24,13779.58,1695.58,Social Media
PR00860,P0028,Premium Customers,Pune,30,133,228,71.43,99453.14,-16546.42,In-Store
PR00861,P0029,Families,Bengaluru,10,108,125,15.74,47001.38,10917.63,SMS
PR00862,P0092,Premium Customers,Delhi,30,105,189,80.0,44692.26,6886.59,SMS
PR00863,P0045,Families,Kolkata,20,153,219,43.14,28433.21,7792.46,Email
PR00864,P0079,Students,Ahmedabad,5,34,39,14.71,15220.88,1230.02,SMS
PR00865,P0100,Premium Customers,Ahmedabad,15,31,38,22.58,16050.52,3478.22,Social Media
PR00866,P0053,Families,Mumbai,15,39,53,35.9,8634.28,2229.76,Social Media
PR00867,P0007,Students,Hyderabad,20,172,242,40.7,101485.12,6913.94,In-Store
PR00868,P0055,Families,Delhi,20,32,48,50.0,130191.36,14234.88,Email
PR00869,P0037,Premium Customers,Mumbai,25,126,198,57.14,43535.74,4527.77,In-Store
PR00870,P0045,Families,Delhi,25,71,115,61.97,13997.51,3158.76,SMS
PR00871,P0026,Families,Hyderabad,15,146,168,15.07,81575.93,-653.35,App
PR00872,P0082,Professionals,Pune,20,42,61,45.24,17213.71,3526.53,SMS
PR00873,P0065,Professionals,Delhi,25,59,92,55.93,87582.39,-7311.93,In-Store
PR00874,P0076,Students,Pune,15,141,203,43.97,67853.56,7134.23,In-Store
PR00875,P0092,Professionals,Ahmedabad,5,170,185,8.82,59370.11,22364.56,In-Store
PR00876,P0026,Students,Pune,15,54,70,29.63,33989.97,-272.23,Social Media
PR00877,P0067,Premium Customers,Mumbai,5,86,107,24.42,49434.43,11496.51,App
PR00878,P0029,Students,Hyderabad,25,50,87,74.0,27260.8,2146.51,Email
PR00879,P0011,Families,Bengaluru,10,70,84,20.0,28840.64,9288.8,Social Media
PR00880,P0016,Students,Bengaluru,20,99,152,53.54,128673.47,24485.07,SMS
PR00881,P0022,Premium Customers,Kolkata,25,142,229,61.27,81134.7,12494.24,Email
PR00882,P0017,Families,Delhi,30,105,202,92.38,44017.82,9318.26,App
PR00883,P0002,Students,Ahmedabad,10,84,101,20.24,29541.59,6513.59,In-Store
PR00884,P0022,Premium Customers,Pune,30,122,201,64.75,66466.68,6218.94,SMS
PR00885,P0093,Professionals,Pune,20,127,196,54.33,88958.91,19043.75,App
PR00886,P0032,Premium Customers,Mumbai,5,87,107,22.99,96429.26,21906.97,In-Store
PR00887,P0078,Professionals,Ahmedabad,25,73,118,61.64,32002.48,6842.52,Social Media
PR00888,P0086,Professionals,Chennai,10,87,113,29.89,42064.14,6309.81,Social Media
PR00889,P0059,Premium Customers,Chennai,15,35,49,40.0,10713.21,2664.47,In-Store
PR00890,P0065,Professionals,Chennai,15,168,234,39.29,252465.76,11104.12,In-Store
PR00891,P0051,Students,Kolkata,30,76,138,81.58,80768.23,8274.07,Social Media
PR00892,P0085,Families,Chennai,30,81,140,72.84,57437.8,-9913.4,In-Store
PR00893,P0059,Premium Customers,Pune,25,107,169,57.94,32602.64,4842.7,Email
PR00894,P0052,Premium Customers,Kolkata,30,159,290,82.39,52034.99,-4981.91,Social Media
PR00895,P0032,Students,Pune,20,169,265,56.8,201111.68,16547.13,Social Media
PR00896,P0085,Premium Customers,Delhi,5,46,50,8.7,27839.75,3785.75,In-Store
PR00897,P0100,Premium Customers,Pune,5,89,98,10.11,46263.25,13839.95,In-Store
PR00898,P0077,Students,Chennai,15,90,125,38.89,169265.81,56605.81,In-Store
PR00899,P0056,Premium Customers,Bengaluru,5,75,87,16.0,44128.49,9812.21,Social Media
PR00900,P0045,Premium Customers,Bengaluru,30,37,65,75.68,7384.2,1257.94,SMS
PR00901,P0063,Students,Bengaluru,30,76,133,75.0,13186.68,216.52,SMS
PR00902,P0095,Premium Customers,Bengaluru,25,33,55,66.67,14300.14,-1821.46,In-Store
PR00903,P0062,Students,Kolkata,25,73,117,60.27,116055.52,-12388.25,Social Media
PR00904,P0012,Students,Bengaluru,20,135,199,47.41,35371.06,8018.51,SMS
PR00905,P0033,Premium Customers,Ahmedabad,30,39,61,56.41,11808.68,-1345.96,Social Media
PR00906,P0001,Professionals,Chennai,15,119,158,32.77,98253.88,11910.04,Social Media
PR00907,P0045,Premium Customers,Hyderabad,5,117,130,11.11,20042.81,7790.31,SMS
PR00908,P0045,Professionals,Hyderabad,5,58,69,18.97,10638.11,4134.86,Email
PR00909,P0059,Professionals,Kolkata,15,88,113,28.41,24705.98,6144.6,App
PR00910,P0002,Students,Bengaluru,20,163,243,49.08,63178.06,7774.06,Email
PR00911,P0004,Premium Customers,Bengaluru,20,85,134,57.65,60127.41,14240.45,Email
PR00912,P0017,Premium Customers,Kolkata,10,121,164,35.54,45947.88,17775.96,In-Store
PR00913,P0008,Students,Ahmedabad,10,47,55,17.02,9129.28,2979.74,Social Media
PR00914,P0092,Families,Ahmedabad,15,35,50,42.86,14356.92,4355.43,In-Store
PR00915,P0019,Families,Pune,5,170,189,11.18,31236.31,12462.94,App
PR00916,P0001,Students,Chennai,10,58,71,22.41,46749.24,7949.16,Email
PR00917,P0040,Families,Chennai,30,81,141,74.07,72196.09,-13743.41,Email
PR00918,P0004,Premium Customers,Ahmedabad,10,115,135,17.39,68148.13,21918.73,App
PR00919,P0046,Professionals,Chennai,10,63,71,12.7,36357.82,5699.31,SMS
PR00920,P0070,Premium Customers,Hyderabad,15,76,97,27.63,55549.04,9743.7,App
PR00921,P0004,Professionals,Hyderabad,10,124,174,40.32,87835.37,28250.81,Email
PR00922,P0035,Students,Mumbai,20,52,82,57.69,24075.2,4096.72,SMS
PR00923,P0100,Families,Bengaluru,5,72,77,6.94,36349.7,10874.25,Social Media
PR00924,P0059,Students,Pune,10,103,123,19.42,28474.25,8270.27,SMS
PR00925,P0010,Professionals,Pune,5,178,199,11.8,206947.36,38018.25,SMS
PR00926,P0039,Students,Bengaluru,15,163,214,31.29,130191.29,38331.79,App
PR00927,P0039,Premium Customers,Chennai,10,49,62,26.53,39937.73,13324.23,In-Store
PR00928,P0085,Families,Bengaluru,10,127,157,23.62,82815.93,7286.37,Social Media
PR00929,P0092,Students,Mumbai,30,115,182,58.26,43036.99,6631.53,In-Store
PR00930,P0001,Students,Hyderabad,5,142,144,1.41,100082.88,21389.76,SMS
PR00931,P0071,Premium Customers,Bengaluru,5,99,99,0.0,150703.84,56211.31,Email
PR00932,P0061,Families,Kolkata,30,43,74,72.09,11598.02,1095.94,Email
PR00933,P0062,Professionals,Bengaluru,30,134,239,78.36,221265.96,-41110.63,App
PR00934,P0064,Students,Delhi,25,170,283,66.47,147233.58,33976.98,Email
PR00935,P0034,Premium Customers,Hyderabad,10,59,72,22.03,18217.87,420.19,In-Store
PR00936,P0086,Students,Ahmedabad,20,154,234,51.95,77427.79,3387.85,In-Store
PR00937,P0001,Professionals,Mumbai,5,104,100,-3.85,69502.0,14854.0,Social Media
PR00938,P0055,Students,Mumbai,5,32,34,6.25,109509.92,27374.08,In-Store
PR00939,P0055,Families,Chennai,30,103,166,61.17,393964.48,-7051.68,App
PR00940,P0034,Professionals,Hyderabad,30,99,188,89.9,36998.02,-9473.7,Social Media
PR00941,P0022,Premium Customers,Bengaluru,20,170,269,58.24,101660.48,21030.42,Email
PR00942,P0023,Families,Bengaluru,10,95,126,32.63,51028.87,16070.17,Email
PR00943,P0074,Students,Pune,10,176,247,40.34,102571.44,13994.77,App
PR00944,P0099,Families,Pune,30,88,144,63.64,30895.2,-1383.84,Email
PR00945,P0083,Professionals,Kolkata,20,64,95,48.44,353721.48,10741.08,App
PR00946,P0001,Families,Kolkata,25,140,222,58.57,121811.4,492.84,Email
PR00947,P0063,Students,Bengaluru,15,67,87,29.85,10474.28,1990.04,Email
PR00948,P0027,Students,Ahmedabad,25,156,271,73.72,121665.45,22457.77,SMS
PR00949,P0099,Professionals,Delhi,10,147,159,8.16,43860.15,8218.71,In-Store
PR00950,P0037,Premium Customers,Mumbai,30,100,171,71.0,35092.45,1403.74,Email
PR00951,P0016,Students,Pune,5,170,181,6.47,181952.33,57885.88,Social Media
PR00952,P0030,Students,Kolkata,30,61,111,81.97,30031.05,6336.99,App
PR00953,P0040,Families,Kolkata,15,102,123,20.59,76475.19,1506.69,Social Media
PR00954,P0032,Students,Bengaluru,10,113,134,18.58,114405.98,21079.0,SMS
PR00955,P0075,Professionals,Hyderabad,5,112,110,-1.79,17669.9,6863.51,Email
PR00956,P0061,Families,Chennai,25,131,235,79.39,39462.38,6111.18,App
PR00957,P0003,Professionals,Chennai,5,93,87,-6.45,29477.95,5018.77,App
PR00958,P0006,Professionals,Chennai,5,69,76,10.14,24353.78,7154.98,Email
PR00959,P0021,Premium Customers,Hyderabad,20,128,201,57.03,101069.23,-3808.55,Social Media
PR00960,P0052,Students,Pune,10,38,50,31.58,11534.85,1704.35,In-Store
PR00961,P0084,Families,Pune,25,101,176,74.26,70004.88,-6002.48,In-Store
PR00962,P0088,Families,Chennai,10,125,164,31.2,30392.32,4511.48,In-Store
PR00963,P0042,Families,Hyderabad,20,81,123,51.85,75168.74,11499.02,Social Media
PR00964,P0068,Professionals,Ahmedabad,15,143,201,40.56,58755.31,20040.7,In-Store
PR00965,P0014,Families,Hyderabad,10,113,135,19.47,112618.35,4105.35,App
PR00966,P0076,Families,Ahmedabad,20,71,100,40.85,31459.2,1548.2,Social Media
PR00967,P0051,Students,Pune,5,145,148,2.07,117557.07,39809.71,SMS
PR00968,P0073,Premium Customers,Mumbai,20,76,120,57.89,27561.6,8324.4,App
PR00969,P0038,Premium Customers,Hyderabad,15,166,215,29.52,102826.12,17516.26,App
PR00970,P0051,Premium Customers,Chennai,5,45,49,8.89,38920.92,13180.24,Social Media
PR00971,P0051,Professionals,Bengaluru,30,85,157,84.71,91888.49,9413.25,In-Store
PR00972,P0052,Students,Hyderabad,10,48,58,20.83,13380.43,1977.05,In-Store
PR00973,P0052,Professionals,Bengaluru,25,120,170,41.67,32682.07,-741.63,App
PR00974,P0057,Professionals,Bengaluru,15,109,141,29.36,51247.86,17780.1,App
PR00975,P0004,Students,Pune,25,134,217,61.94,91284.85,16975.37,SMS
PR00976,P0060,Families,Kolkata,10,41,56,36.59,16593.7,4051.94,App
PR00977,P0035,Professionals,Pune,20,41,57,39.02,16735.2,2847.72,App
PR00978,P0002,Premium Customers,Pune,15,38,47,23.68,12983.35,2267.35,In-Store
PR00979,P0032,Families,Ahmedabad,10,65,74,13.85,63179.42,11640.64,Social Media
PR00980,P0074,Premium Customers,Chennai,10,162,187,15.43,77655.3,10595.23,Email
PR00981,P0089,Professionals,Delhi,10,113,142,25.66,26858.45,5559.87,In-Store
PR00982,P0088,Premium Customers,Chennai,20,51,67,31.37,11036.78,463.51,SMS
PR00983,P0073,Premium Customers,Hyderabad,15,62,89,43.55,21719.12,7451.53,Social Media
PR00984,P0007,Students,Bengaluru,10,126,152,20.63,71710.56,12310.48,Social Media
PR00985,P0095,Premium Customers,Mumbai,20,68,98,44.12,27178.93,-1546.83,In-Store
PR00986,P0097,Families,Mumbai,25,169,286,69.23,409027.9,28367.62,SMS
PR00987,P0032,Students,Ahmedabad,25,136,226,66.18,160794.48,3392.26,In-Store
PR00988,P0087,Students,Pune,20,176,260,47.73,71013.28,21049.08,SMS
PR00989,P0087,Professionals,Kolkata,30,54,100,85.19,23898.7,4681.7,SMS
PR00990,P0001,Premium Customers,Mumbai,20,169,241,42.6,141052.48,9350.8,SMS
PR00991,P0043,Professionals,Bengaluru,20,106,155,46.23,35832.28,-2469.77,Social Media
PR00992,P0031,Premium Customers,Kolkata,10,116,136,17.24,28410.26,8505.3,Email
PR00993,P0070,Premium Customers,Chennai,5,76,73,-3.95,46723.18,12251.12,In-Store
PR00994,P0082,Premium Customers,Kolkata,25,116,185,59.48,48942.68,7432.38,Social Media
PR00995,P0038,Premium Customers,Bengaluru,15,140,199,42.14,95173.94,16212.73,App
PR00996,P0094,Students,Kolkata,10,59,83,40.68,79048.29,27751.8,Email
PR00997,P0028,Families,Hyderabad,25,124,199,60.48,93003.64,-8241.58,SMS
PR00998,P0086,Premium Customers,Mumbai,15,126,185,46.83,65040.17,6504.32,App
PR00999,P0095,Professionals,Hyderabad,25,150,233,55.33,60580.58,-7716.38,SMS
PR01000,P0015,Professionals,Delhi,25,39,65,66.67,125471.78,-19830.53,In-Store
PR01001,P0076,Students,Delhi,10,48,57,18.75,20173.21,3123.94,App
PR01002,P0024,Premium Customers,Bengaluru,15,106,149,40.57,32213.43,2671.2,App
PR01003,P0065,Premium Customers,Bengaluru,20,111,136,22.52,138100.93,-2177.63,SMS
PR01004,P0051,Families,Pune,5,155,183,18.06,145357.72,49224.16,Social Media
PR01005,P0097,Students,Kolkata,15,164,219,33.54,354967.57,63482.95,SMS
PR01006,P0078,Professionals,Kolkata,30,96,184,91.67,46575.37,7342.89,App
PR01007,P0093,Premium Customers,Bengaluru,5,164,205,25.0,110489.47,37363.91,Email
PR01008,P0048,Professionals,Ahmedabad,25,54,90,66.67,41548.95,-6025.05,In-Store
PR01009,P0081,Families,Mumbai,20,173,293,69.36,514430.65,150562.74,App
PR01010,P0079,Premium Customers,Delhi,30,122,228,86.89,65566.87,-16225.85,App
PR01011,P0019,Professionals,Ahmedabad,15,104,154,48.08,22772.67,7475.85,SMS
PR01012,P0009,Professionals,Hyderabad,5,60,70,16.67,8047.16,3343.87,In-Store
PR01013,P0041,Families,Bengaluru,5,119,141,18.49,124657.89,37390.17,App
PR01014,P0033,Professionals,Pune,25,128,228,78.12,47290.05,-1878.15,Email
PR01015,P0037,Families,Kolkata,20,88,134,52.27,31427.82,5028.48,Email
PR01016,P0033,Families,Mumbai,30,140,247,76.43,47815.5,-5450.05,Email
PR01017,P0095,Professionals,Kolkata,15,133,180,35.34,53040.51,278.91,SMS
PR01018,P0087,Families,Ahmedabad,5,154,187,21.43,60651.49,24715.7,Social Media
PR01019,P0088,Families,Ahmedabad,5,123,127,3.25,24843.04,4801.17,In-Store
PR01020,P0055,Professionals,Delhi,5,38,42,10.53,135276.96,33815.04,Social Media
PR01021,P0049,Professionals,Bengaluru,10,31,40,29.03,4930.92,217.72,In-Store
PR01022,P0019,Students,Chennai,25,94,153,62.77,19963.06,4765.57,Email
PR01023,P0016,Students,Kolkata,25,169,265,56.8,210311.29,28667.04,Email
PR01024,P0092,Students,Delhi,5,76,102,34.21,32733.79,12330.73,SMS
PR01025,P0048,Students,Kolkata,15,114,133,16.67,69586.8,-717.0,SMS
PR01026,P0014,Professionals,Bengaluru,10,78,91,16.67,75913.11,2767.31,Social Media
PR01027,P0051,Premium Customers,Pune,30,84,138,64.29,80768.23,8274.07,Email
PR01028,P0069,Premium Customers,Hyderabad,25,133,221,66.17,20557.97,-2006.13,SMS
PR01029,P0008,Students,Pune,10,98,123,25.51,20416.4,6663.77,App
PR01030,P0095,Premium Customers,Bengaluru,5,36,40,11.11,13173.46,1448.66,In-Store
PR01031,P0034,Premium Customers,Bengaluru,10,156,183,17.31,46303.76,1067.99,Social Media
PR01032,P0100,Families,Bengaluru,30,113,226,100.0,78612.74,3840.64,Social Media
PR01033,P0090,Professionals,Pune,15,41,58,41.46,13839.5,-147.78,Social Media
PR01034,P0060,Premium Customers,Delhi,5,95,106,11.58,33154.47,9414.71,Email
PR01035,P0080,Students,Kolkata,25,131,215,64.12,52827.11,-3655.54,Email
PR01036,P0022,Families,Pune,5,106,104,-1.89,46673.12,15500.16,In-Store
PR01037,P0062,Families,Mumbai,15,143,175,22.38,196732.29,4615.54,Email
PR01038,P0086,Students,Delhi,5,32,36,12.5,14145.46,2754.7,SMS
PR01039,P0039,Families,Bengaluru,25,81,138,70.37,74078.06,14841.56,Email
PR01040,P0069,Professionals,Pune,15,150,207,38.0,21823.08,688.38,App
PR01041,P0027,Students,Pune,5,62,68,9.68,38669.56,13776.12,Email
PR01042,P0095,Premium Customers,Pune,10,138,176,27.54,54912.53,3323.41,Email
PR01043,P0023,Professionals,Hyderabad,30,177,312,76.27,98277.82,11713.42,App
PR01044,P0086,Families,Bengaluru,20,174,272,56.32,90001.54,3938.02,SMS
PR01045,P0059,Families,Hyderabad,5,41,50,21.95,12217.95,4004.95,App
PR01046,P0032,Students,Kolkata,5,78,88,12.82,79306.3,18016.94,Email
PR01047,P0047,Professionals,Chennai,30,66,120,81.82,60523.68,-12341.52,App
PR01048,P0032,Premium Customers,Pune,15,96,130,35.42,104824.72,14283.62,App
PR01049,P0048,Premium Customers,Mumbai,25,123,236,91.87,108950.58,-15799.02,Email
PR01050,P0094,Students,Ahmedabad,30,124,206,66.13,152593.88,25279.7,In-Store
PR01051,P0027,Families,Mumbai,15,61,77,26.23,39178.37,10990.21,In-Store
PR01052,P0046,Premium Customers,Kolkata,20,46,64,39.13,29131.78,1495.94,Email
PR01053,P0081,Families,Bengaluru,5,33,40,21.21,83397.46,33722.66,In-Store
PR01054,P0019,Families,Mumbai,10,96,119,23.96,18632.19,6811.92,Email
PR01055,P0095,Professionals,Hyderabad,15,70,108,54.29,31824.31,167.35,In-Store
PR01056,P0014,Premium Customers,Ahmedabad,15,67,96,43.28,75635.04,-1529.76,Social Media
PR01057,P0024,Professionals,Bengaluru,10,124,146,17.74,33421.59,4474.17,App
PR01058,P0013,Families,Ahmedabad,25,138,204,47.83,89151.57,-12387.39,Email
PR01059,P0091,Students,Ahmedabad,20,51,74,45.1,16568.3,47.8,App
PR01060,P0054,Professionals,Hyderabad,30,108,174,61.11,35480.34,-7318.44,Social Media
PR01061,P0094,Professionals,Hyderabad,5,171,174,1.75,174922.11,67384.89,In-Store
PR01062,P0017,Students,Ahmedabad,15,124,186,50.0,49216.53,17265.45,Email
PR01063,P0037,Students,Hyderabad,20,107,155,44.86,36353.08,5816.53,SMS
PR01064,P0004,Premium Customers,Kolkata,5,179,211,17.88,112430.4,40175.56,SMS
PR01065,P0022,Premium Customers,Chennai,5,89,93,4.49,41736.54,13860.72,In-Store
PR01066,P0086,Families,Bengaluru,15,121,179,47.93,62930.76,6293.37,App
PR01067,P0032,Professionals,Chennai,25,54,90,66.67,64033.2,1350.9,Social Media
PR01068,P0047,Students,Pune,25,55,90,63.64,48635.1,-6013.8,SMS
PR01069,P0049,Students,Mumbai,30,76,133,75.0,12751.91,-2919.48,SMS
PR01070,P0064,Professionals,Mumbai,10,120,148,23.33,92398.18,33168.58,App
PR01071,P0034,Students,Kolkata,25,148,243,64.19,51237.76,-8829.41,In-Store
PR01072,P0066,Premium Customers,Kolkata,30,45,86,91.11,60115.72,2237.72,Social Media
PR01073,P0048,Families,Ahmedabad,30,76,137,80.26,59030.29,-13387.91,App
PR01074,P0036,Premium Customers,Hyderabad,25,127,217,70.87,76718.72,2535.1,SMS
PR01075,P0064,Students,Pune,10,82,104,26.83,64928.45,23307.65,Social Media
PR01076,P0038,Premium Customers,Chennai,20,103,166,61.17,74721.25,8854.11,App
PR01077,P0035,Families,Hyderabad,30,65,118,81.54,30314.2,1564.68,Email
PR01078,P0046,Professionals,Hyderabad,10,42,46,9.52,23555.77,3692.51,In-Store
PR01079,P0066,Students,Kolkata,30,84,144,71.43,100658.88,3746.88,Email
PR01080,P0089,Students,Bengaluru,30,37,68,83.78,10003.62,-195.7,In-Store
PR01081,P0058,Professionals,Mumbai,10,83,112,34.94,83079.36,14874.72,Social Media
PR01082,P0051,Professionals,Hyderabad,30,38,62,63.16,36287.17,3717.33,Email
PR01083,P0099,Premium Customers,Mumbai,20,112,165,47.32,40458.0,3471.6,Email
PR01084,P0050,Families,Hyderabad,20,133,208,56.39,188536.19,16241.47,SMS
PR01085,P0080,Students,Chennai,10,141,185,31.21,54547.07,5945.72,Email
PR01086,P0056,Students,Chennai,20,178,281,57.87,120025.22,9187.58,Email
PR01087,P0002,Premium Customers,Pune,30,51,83,62.75,18881.92,-42.08,Social Media
PR01088,P0046,Families,Chennai,15,91,136,49.45,65774.09,7047.93,Social Media
PR01089,P0082,Students,Hyderabad,25,147,241,63.95,63757.76,9682.18,Social Media
PR01090,P0008,Premium Customers,Ahmedabad,25,90,156,73.33,21578.31,4135.95,Email
PR01091,P0027,Professionals,Mumbai,5,58,76,31.03,43218.92,15396.84,SMS
PR01092,P0061,Premium Customers,Hyderabad,25,179,303,69.27,50881.27,7879.52,Social Media
PR01093,P0080,Students,Ahmedabad,10,139,172,23.74,50714.03,5527.91,In-Store
PR01094,P0053,Families,Chennai,10,78,110,41.03,18974.34,5681.94,App
PR01095,P0085,Premium Customers,Chennai,10,38,44,15.79,23209.56,2042.04,In-Store
PR01096,P0095,Families,Chennai,25,37,60,62.16,15600.15,-1987.05,Email
PR01097,P0092,Premium Customers,Ahmedabad,20,80,114,42.5,30808.27,8004.85,SMS
PR01098,P0002,Premium Customers,Pune,5,96,106,10.42,32726.49,8558.49,App
PR01099,P0088,Families,Chennai,30,88,148,68.18,21332.28,-2023.6,Email
PR01100,P0036,Students,Kolkata,15,47,65,38.3,26044.3,3823.4,Social Media
PR01101,P0014,Premium Customers,Ahmedabad,5,138,150,8.7,132083.25,11513.25,In-Store
PR01102,P0009,Students,Delhi,20,167,255,52.69,24686.04,7552.59,SMS
PR01103,P0011,Professionals,Delhi,10,135,183,35.56,62831.4,20236.32,In-Store
PR01104,P0010,Professionals,Mumbai,5,100,122,22.0,126872.25,23307.67,SMS
PR01105,P0061,Families,Chennai,25,159,257,61.64,43156.73,6683.29,Email
PR01106,P0094,Families,Kolkata,15,58,83,43.1,74656.72,23360.23,SMS
PR01107,P0063,Professionals,Mumbai,10,145,169,16.55,21543.44,5062.56,In-Store
PR01108,P0076,Premium Customers,Hyderabad,30,171,304,77.78,83681.47,-7247.97,Email
PR01109,P0084,Premium Customers,Delhi,15,63,87,38.1,39218.64,1646.82,SMS
PR01110,P0008,Families,Kolkata,15,123,165,34.15,25866.31,7417.66,In-Store
PR01111,P0046,Families,Delhi,30,156,294,88.46,117096.08,-9856.06,Email
PR01112,P0040,Students,Ahmedabad,10,90,108,20.0,71098.88,5272.88,App
PR01113,P0021,Premium Customers,Mumbai,25,161,250,55.28,117851.25,-12593.75,Social Media
PR01114,P0035,Families,Bengaluru,10,130,151,16.15,49875.3,13085.66,Social Media
PR01115,P0077,Professionals,Hyderabad,5,100,95,-5.0,143776.37,58154.77,In-Store
PR01116,P0046,Premium Customers,Bengaluru,20,63,102,61.9,46428.77,2384.15,App
PR01117,P0027,Families,Mumbai,25,152,277,82.24,124359.15,22954.99,Email
PR01118,P0088,Professionals,Bengaluru,20,87,133,52.87,21908.82,920.09,SMS
PR01119,P0053,Students,Delhi,30,66,101,53.03,13550.36,1345.52,In-Store
PR01120,P0027,Students,Chennai,25,41,63,53.66,28283.85,5220.81,App
PR01121,P0029,Students,Ahmedabad,5,172,177,2.91,70251.39,19156.8,Social Media
PR01122,P0013,Families,Delhi,10,160,203,26.88,106457.46,5416.24,Social Media
PR01123,P0003,Premium Customers,Bengaluru,5,49,52,6.12,17619.0,2999.72,Email
PR01124,P0098,Premium Customers,Pune,25,109,189,73.39,149391.74,-4369.21,In-Store
PR01125,P0012,Students,Mumbai,15,34,45,32.35,8498.38,2313.14,In-Store
PR01126,P0051,Premium Customers,Kolkata,5,42,49,16.67,38920.92,13180.24,In-Store
PR01127,P0040,Students,Bengaluru,15,133,173,30.08,107562.66,2119.16,App
PR01128,P0062,Professionals,Pune,30,61,98,60.66,90728.3,-16857.08,Email
PR01129,P0035,Families,Kolkata,5,134,148,10.45,51600.2,15541.48,Social Media
PR01130,P0060,Premium Customers,Hyderabad,20,160,218,36.25,57419.46,8596.18,In-Store
PR01131,P0061,Premium Customers,Chennai,10,141,143,1.42,28815.93,8521.37,Email
PR01132,P0021,Students,Chennai,30,113,207,83.19,91075.45,-16933.01,Email
PR01133,P0071,Professionals,Delhi,15,76,119,56.58,162080.74,48498.81,In-Store
PR01134,P0095,Premium Customers,Pune,5,53,66,24.53,21736.21,2390.29,SMS
PR01135,P0093,Premium Customers,Mumbai,30,139,246,76.98,97695.95,9945.29,Email
PR01136,P0062,Students,Mumbai,5,46,55,19.57,69104.28,8724.73,SMS
PR01137,P0028,Professionals,Kolkata,15,172,227,31.98,120234.86,4744.07,App
PR01138,P0075,Students,Kolkata,15,81,98,20.99,14085.2,4457.68,In-Store
PR01139,P0010,Premium Customers,Bengaluru,10,176,208,18.18,204922.22,28353.1,Social Media
PR01140,P0011,Premium Customers,Delhi,20,102,154,50.98,46999.57,11154.53,App
PR01141,P0084,Professionals,Mumbai,5,122,140,14.75,70535.22,10074.82,Social Media
PR01142,P0044,Professionals,Pune,10,120,150,25.0,53875.8,7914.3,Email
PR01143,P0054,Professionals,Mumbai,30,42,76,80.95,15497.16,-3196.56,In-Store
PR01144,P0043,Premium Customers,Ahmedabad,10,161,213,32.3,55395.55,2761.12,In-Store
PR01145,P0076,Premium Customers,Mumbai,25,146,218,49.32,64294.74,-911.24,Social Media
PR01146,P0030,Students,Kolkata,20,122,178,45.9,55037.6,17041.72,SMS
PR01147,P0001,Students,Kolkata,15,64,101,57.81,62807.86,7613.38,Email
PR01148,P0072,Professionals,Kolkata,25,83,149,79.52,33302.62,4147.79,App
PR01149,P0092,Premium Customers,Bengaluru,10,170,213,25.29,64758.18,22151.79,In-Store
PR01150,P0011,Professionals,Chennai,20,178,274,53.93,83622.61,19846.37,Social Media
PR01151,P0068,Families,Kolkata,25,47,75,59.57,19344.38,4898.62,Social Media
PR01152,P0035,Premium Customers,Bengaluru,15,132,207,56.82,64573.65,14140.17,SMS
PR01153,P0020,Premium Customers,Bengaluru,15,132,157,18.94,144075.29,17775.07,Social Media
PR01154,P0088,Professionals,Chennai,30,143,262,83.22,37763.89,-3582.33,In-Store
PR01155,P0021,Professionals,Bengaluru,15,52,72,38.46,38466.65,898.49,Social Media
PR01156,P0059,Students,Bengaluru,5,115,130,13.04,31766.67,10412.87,Social Media
PR01157,P0076,Premium Customers,Kolkata,20,168,228,35.71,71726.98,3529.9,App
PR01158,P0008,Students,Hyderabad,20,157,225,43.31,33197.4,8040.15,SMS
PR01159,P0036,Students,Pune,10,169,212,25.44,89941.21,17466.89,App
PR01160,P0029,Families,Pune,15,102,157,53.92,55754.08,10432.89,SMS
PR01161,P0072,Professionals,Pune,10,35,45,28.57,12069.4,3264.26,SMS
PR01162,P0044,Premium Customers,Ahmedabad,25,116,198,70.69,59263.38,-1405.8,In-Store
PR01163,P0084,Families,Kolkata,20,162,248,53.09,105219.46,-1881.82,App
PR01164,P0019,Students,Chennai,20,121,182,50.41,25330.03,7251.97,SMS
PR01165,P0004,Professionals,Kolkata,10,83,110,32.53,55528.11,17859.71,Email
PR01166,P0068,Families,Chennai,5,66,85,28.79,27769.92,11398.07,Email
PR01167,P0083,Families,Delhi,25,178,254,42.7,886630.82,-30390.47,In-Store
PR01168,P0028,Students,Hyderabad,15,167,214,28.14,113349.17,4472.39,App
PR01169,P0067,Families,Bengaluru,15,154,183,18.83,75647.08,10762.6,In-Store
PR01170,P0098,Professionals,Ahmedabad,20,114,171,50.0,144174.89,5057.84,App
PR01171,P0020,Professionals,Hyderabad,20,52,82,57.69,70823.07,4857.35,In-Store
PR01172,P0044,Families,Bengaluru,30,77,129,67.53,36036.92,-3489.97,Social Media
PR01173,P0016,Premium Customers,Bengaluru,10,171,193,12.87,183804.13,51512.28,In-Store
PR01174,P0042,Professionals,Chennai,10,89,112,25.84,77002.13,19026.45,Social Media
PR01175,P0004,Students,Ahmedabad,20,124,190,53.23,85255.28,20191.68,Social Media
PR01176,P0079,Premium Customers,Delhi,20,32,48,50.0,15775.49,-1444.03,In-Store
PR01177,P0058,Students,Mumbai,10,39,46,17.95,34121.88,6109.26,SMS
PR01178,P0029,Families,Kolkata,10,39,53,35.9,19928.58,4629.07,In-Store
PR01179,P0092,Students,Chennai,10,111,126,13.51,38307.65,13103.87,App
PR01180,P0003,Families,Kolkata,30,45,80,77.78,19972.96,-2518.24,Social Media
PR01181,P0061,Families,Pune,20,73,104,42.47,18628.48,3868.8,In-Store
PR01182,P0041,Professionals,Delhi,10,133,182,36.84,152437.19,39793.75,Social Media
PR01183,P0013,Students,Mumbai,30,175,305,74.29,124404.32,-27406.38,Social Media
PR01184,P0081,Premium Customers,Hyderabad,10,73,95,30.14,187644.28,69666.64,In-Store
PR01185,P0056,Professionals,Chennai,5,59,70,18.64,35505.68,7894.88,In-Store
PR01186,P0074,Families,Kolkata,10,149,184,23.49,76409.5,10425.26,SMS
PR01187,P0015,Premium Customers,Mumbai,10,177,196,10.73,454014.79,15872.47,SMS
PR01188,P0093,Professionals,Pune,30,71,135,90.14,53613.63,5457.78,Email
PR01189,P0058,Students,Chennai,30,128,227,77.34,130965.38,-7270.81,SMS
PR01190,P0066,Families,Bengaluru,5,157,205,30.57,194477.35,56512.35,SMS
PR01191,P0071,Families,Hyderabad,25,142,236,66.2,283621.26,58366.34,In-Store
PR01192,P0053,Students,Bengaluru,30,173,300,73.41,40248.6,3996.6,Email
PR01193,P0083,Families,Bengaluru,20,139,177,27.34,659038.97,20012.33,Email
PR01194,P0058,Families,Chennai,5,119,148,24.37,115882.52,25754.96,Social Media
PR01195,P0085,Professionals,Hyderabad,15,62,90,45.16,44836.65,1539.45,SMS
PR01196,P0087,Professionals,Bengaluru,25,66,97,46.97,24837.58,6197.09,Email
PR01197,P0020,Professionals,Chennai,5,49,51,4.08,52307.59,11280.13,SMS
PR01198,P0007,Professionals,Ahmedabad,10,76,89,17.11,41988.42,7208.11,App
PR01199,P0043,Professionals,Bengaluru,30,170,295,73.53,59672.3,-13225.15,In-Store
PR01200,P0076,Families,Bengaluru,15,69,91,31.88,30417.11,3198.1,SMS
